xValue,yValue
0.101419449,0.529124477
0.113991737,0.534621874
0.126167774,0.529124477
0.138205051,0.52362708
0.150378227,0.519504032
0.162518024,0.520878381
0.174618483,0.52362708
0.186639547,0.527750128
0.198699236,0.534621874
0.210835218,0.538744922
0.22290659,0.535996224
0.23497963,0.529124477
0.247029543,0.525001429
0.259047031,0.52362708
0.271257639,0.52362708
0.283341646,0.52362708
0.295391083,0.527750128
0.307459116,0.529124477
0.319466829,0.525001429
0.33159852,0.52362708
0.343666792,0.520878381
0.355702639,0.520878381
0.367747068,0.519504032
0.379835129,0.520878381
0.391968489,0.52362708
0.403984547,0.520878381
0.416058779,0.520878381
0.428141117,0.516755333
0.440166712,0.516755333
0.452313185,0.515380984
0.464390516,0.515380984
0.476420164,0.516755333
0.488440037,0.515380984
0.500623941,0.516755333
0.512716293,0.516755333
0.524728298,0.515380984
0.536788225,0.515380984
0.54884553,0.516755333
0.560941219,0.520878381
0.572962523,0.519504032
0.585021734,0.520878381
0.59704566,0.52362708
0.609107256,0.52362708
0.621241331,0.520878381
0.633270502,0.520878381
0.645305395,0.52362708
0.657361507,0.525001429
0.669369936,0.525001429
0.681483507,0.527750128
0.693538189,0.527750128
0.705583811,0.529124477
0.717666388,0.529124477
0.729734659,0.529124477
0.741837025,0.529124477
0.753857613,0.527750128
0.765908957,0.525001429
0.777942181,0.525001429
0.789955616,0.52362708
0.802126646,0.525001429
0.814173698,0.529124477
0.826301336,0.527750128
0.838348389,0.525001429
0.850419521,0.525001429
0.862528324,0.529124477
0.874541998,0.531873176
0.88661027,0.531873176
0.898660183,0.534621874
0.910753965,0.529124477
0.922841311,0.527750128
0.935105324,0.527750128
0.947530746,0.527750128
0.959926367,0.527750128
0.972409725,0.527750128
0.984768152,0.531873176
0.997132063,0.529124477
1.009506226,0.531873176
1.021878004,0.531873176
1.034246922,0.529124477
1.046616793,0.529124477
1.059031725,0.531873176
1.07150507,0.534621874
1.083891869,0.534621874
1.096472025,0.529124477
1.108859062,0.529124477
1.121306658,0.527750128
1.133671761,0.531873176
1.146026134,0.534621874
1.15837431,0.534621874
1.17088294,0.529124477
1.18322444,0.52362708
1.195598364,0.525001429
1.208009481,0.527750128
1.220367432,0.527750128
1.232841969,0.527750128
1.245239258,0.527750128
1.257621527,0.531873176
1.269975424,0.527750128
1.282490015,0.527750128
1.294874907,0.529124477
1.30724144,0.527750128
1.319729805,0.525001429
1.332267284,0.525001429
1.344697952,0.52362708
1.357107878,0.527750128
1.369491577,0.525001429
1.381867647,0.527750128
1.394231796,0.527750128
1.406621218,0.529124477
1.419015408,0.529124477
1.431504488,0.527750128
1.443894386,0.527750128
1.456266165,0.527750128
1.468653679,0.527750128
1.481130838,0.527750128
1.493472576,0.525001429
1.50579977,0.527750128
1.518171549,0.527750128
1.530631304,0.525001429
1.543054581,0.525001429
1.555455685,0.525001429
1.567828894,0.525001429
1.580291033,0.525001429
1.592835426,0.52362708
1.605217934,0.52362708
1.617587328,0.52362708
1.629954815,0.520878381
1.642396212,0.520878381
1.654762268,0.520878381
1.667141438,0.52362708
1.679530382,0.520878381
1.692028761,0.516755333
1.704402208,0.519504032
1.716748714,0.520878381
1.729132652,0.52362708
1.741692066,0.529124477
1.754377842,0.527750128
1.766892672,0.52362708
1.779343605,0.519504032
1.791944742,0.519504032
1.804434776,0.520878381
1.81695199,0.525001429
1.829384089,0.525001429
1.841858149,0.525001429
1.85423708,0.527750128
1.866564989,0.525001429
1.878921032,0.52362708
1.891439915,0.52362708
1.903832436,0.52362708
1.916200161,0.52362708
1.928590059,0.525001429
1.941052675,0.527750128
1.95347929,0.527750128
1.965863228,0.52362708
1.978274822,0.519504032
1.990757227,0.519504032
2.003117561,0.520878381
2.015482426,0.525001429
2.027890921,0.527750128
2.040260315,0.529124477
2.052963257,0.529124477
2.06539607,0.525001429
2.077746868,0.52362708
2.090098143,0.52362708
2.10263896,0.525001429
2.115001202,0.527750128
2.127393007,0.527750128
2.139775515,0.531873176
2.152348042,0.534621874
2.164740324,0.529124477
2.177130938,0.525001429
2.189487219,0.52362708
2.202045202,0.529124477
2.214436293,0.531873176
2.226847649,0.535996224
2.239222527,0.535996224
2.25172925,0.534621874
2.26411128,0.531873176
2.276495934,0.527750128
2.288872004,0.527750128
2.301544189,0.531873176
2.314001083,0.535996224
2.326503992,0.538744922
2.338872433,0.535996224
2.351344347,0.535996224
2.363721132,0.531873176
2.376113653,0.534621874
2.388501883,0.535996224
2.401052713,0.538744922
2.413406372,0.535996224
2.425801754,0.534621874
2.438179493,0.531873176
2.450670481,0.529124477
2.463056326,0.529124477
2.475419044,0.534621874
2.487827301,0.534621874
2.500225306,0.538744922
2.512840033,0.540119271
2.525189638,0.538744922
2.537555456,0.535996224
2.549943686,0.529124477
2.56244874,0.531873176
2.574794054,0.531873176
2.587150097,0.531873176
2.599478245,0.529124477
2.61189723,0.529124477
2.624298096,0.529124477
2.636648893,0.527750128
2.649012327,0.529124477
2.661509752,0.534621874
2.673886061,0.529124477
2.686280966,0.531873176
2.698672771,0.531873176
2.711250782,0.529124477
2.723636389,0.529124477
2.73602128,0.534621874
2.74838376,0.540119271
2.760875702,0.538744922
2.773222685,0.531873176
2.785613537,0.529124477
2.797987223,0.525001429
2.810355425,0.525001429
2.822889328,0.534621874
2.835242748,0.54286797
2.847621918,0.551114066
2.860015392,0.553862764
2.872507334,0.546991018
2.884884596,0.538744922
2.897252798,0.534621874
2.909609556,0.535996224
2.922184467,0.540119271
2.934564352,0.546991018
2.946923256,0.555237114
2.959270954,0.559360162
2.971806765,0.553862764
2.984218597,0.540119271
2.996602774,0.538744922
3.008961916,0.540119271
3.021474123,0.551114066
3.033831596,0.56210886
3.046217918,0.574478004
3.058624268,0.570354956
3.071088552,0.557985812
3.083547115,0.546991018
3.095913649,0.540119271
3.108328342,0.544242319
3.12094593,0.553862764
3.133312702,0.559360162
3.145673037,0.56210886
3.158038139,0.557985812
3.170417786,0.548365367
3.182972431,0.54286797
3.195355892,0.535996224
3.207715511,0.538744922
3.220066786,0.538744922
3.232642651,0.538744922
3.245022297,0.540119271
3.25739789,0.540119271
3.26977253,0.540119271
3.282240868,0.540119271
3.294618845,0.544242319
3.306994677,0.544242319
3.319386244,0.540119271
3.332578897,0.538744922
3.345540524,0.538744922
3.358051777,0.535996224
3.370357752,0.531873176
3.382731676,0.534621874
3.395045042,0.529124477
3.407362938,0.527750128
3.419652462,0.520878381
3.432156801,0.529124477
3.444400311,0.527750128
3.45674634,0.525001429
3.4690063,0.512632286
3.481455803,0.501637491
3.493749857,0.501637491
3.506037474,0.50438619
3.518296719,0.505760539
3.530655384,0.500263142
3.542941093,0.505760539
3.55525136,0.515380984
3.567540407,0.500263142
3.579836845,0.496140094
3.59223938,0.50438619
3.60450983,0.500263142
3.616755486,0.493391396
3.629040718,0.512632286
3.641523838,0.474150505
3.653807163,0.534621874
3.666074038,0.626703277
3.678352833,0.821860876
3.690720797,0.880957896
3.703063488,0.806743034
3.715354681,0.997777585
3.72764039,1.393590181
3.740023851,1.558512096
3.752486944,1.97768863
3.764751911,1.800397571
3.777031898,2.196210167
3.789306164,2.564535777
3.801727057,2.722585946
3.813951731,3.060675872
3.826238871,3.721737881
3.838508368,4.384174239
3.850912333,4.380051191
3.863208055,4.337446363
3.875456572,4.877565634
3.887713671,5.446546241
3.899959087,5.934440239
3.912384748,6.162582222
3.924669743,6.349493725
3.936910391,6.591379201
3.949175358,6.948710016
3.961596966,7.091642343
3.973842144,7.053160562
3.986085415,7.428357919
3.998366356,7.607023327
4.010739088,7.835165309
4.023010492,7.848908802
4.035247326,7.79393483
4.047496796,7.848908802
4.059755087,7.960231095
4.072177172,8.173255235
4.084450483,8.217234412
4.096725702,8.039943354
4.108975887,8.071553387
4.121399879,8.320310609
4.133613825,8.417889409
4.145862341,8.111409517
4.158110142,7.961605444
4.170361757,8.346423245
4.182755709,8.373910231
4.19503808,8.219983111
4.20725131,8.354669341
4.219496012,8.412392011
4.231854439,8.101789072
4.24414134,8.191121776
4.256409407,8.437130299
4.268665791,8.343674547
4.280977964,8.199367871
4.293248415,8.402771566
4.305485249,8.324433657
4.31782198,8.291449274
4.33005476,8.287326226
4.342494249,8.270834034
4.354765177,8.255716192
4.36716485,8.266710987
4.379409075,8.255716192
4.391974211,8.459119887
4.40430212,8.328556705
4.41657114,8.152639995
4.428783894,8.269459685
4.441137791,8.496227318
4.453384638,8.20211657
4.465657949,8.056435545
4.477895975,8.37665893
4.490145206,8.413766361
4.502509356,8.090794277
4.514759779,8.241972699
4.526986599,8.354669341
4.539447308,8.252967494
4.551973343,8.170506536
4.564320326,8.383530676
4.57659173,8.464617285
4.588828564,8.061932942
4.601222515,8.141645201
4.613520145,8.3368028
4.625758886,8.320310609
4.638016224,8.328556705
4.65027523,8.390402423
4.662663937,8.362915437
4.67492485,8.112783866
4.687154531,8.149891297
4.699402332,8.291449274
4.71175456,8.307941465
4.723988533,8.422012456
4.736257792,8.312064513
4.748501062,8.232352254
4.760946274,8.402771566
4.773196459,8.354669341
4.785456896,8.316187561
4.797666788,8.3368028
4.809898853,8.137522153
4.822280169,8.246095747
4.834532261,8.321684958
4.846775532,8.334054102
4.859048367,8.217234412
4.871406555,8.154014345
4.883713245,8.185624378
4.895969152,8.203490919
4.908203602,8.354669341
4.92043519,8.476986428
4.932910204,8.301069719
4.945169687,8.173255235
4.957412243,8.422012456
4.969638586,8.283203178
4.982118368,7.986343731
4.994403601,8.340925848
5.006692171,8.464617285
5.018951178,8.092168627
5.031292677,8.02757421
5.043601036,8.332679753
5.05590415,8.296946671
5.068136454,8.138896502
5.080374002,8.274957082
5.09276247,8.39589982
5.105047941,8.233726604
5.117305517,8.228229206
5.129563332,8.324433657
5.141904354,8.296946671
5.154171228,8.173255235
5.166385651,8.195244823
5.17863059,8.305192767
5.190955162,8.266710987
5.203240871,8.169132187
5.215492964,8.349171944
5.227756262,8.446750744
5.239987373,8.246095747
5.25240922,8.332679753
5.264685392,8.387653724
5.276938915,8.241972699
5.289173603,8.213111364
5.301635265,8.393151121
5.313862562,8.379407628
5.326118708,8.226854857
5.338321686,8.250218795
5.350627661,8.360166738
5.362887621,8.213111364
5.375150919,8.280454479
5.387423754,8.280454479
5.399689913,8.196619173
5.41210103,8.258464891
5.424398899,8.309315815
5.436643124,8.334054102
5.44888258,8.358792389
5.461255789,8.25983924
5.473540783,8.241972699
5.485789061,8.228229206
5.498046875,8.219983111
5.510292053,8.296946671
5.52263093,8.340925848
5.534901142,8.3368028
5.547184944,8.274957082
5.55938983,8.320310609
5.571775198,8.208988316
5.584047794,8.10591212
5.59646225,8.191121776
5.608729362,8.409643313
5.621153116,8.265336637
5.633434772,8.122404311
5.645670176,8.248844446
5.657888889,8.427509854
5.670172453,8.296946671
5.682559967,8.090794277
5.694827557,8.18287568
5.70708251,8.296946671
5.719333887,8.203490919
5.731667519,8.203490919
5.743936539,8.287326226
5.756176949,8.280454479
5.768438339,8.208988316
5.780864,8.27908013
5.793173313,8.273582733
5.80543828,8.112783866
5.817752838,8.222731809
5.829990149,8.340925848
5.842359066,8.291449274
5.854628086,8.170506536
5.866911173,8.232352254
5.879146576,8.199367871
5.891501904,8.111409517
5.90381217,8.165009139
5.916095257,8.20211657
5.928340673,8.258464891
5.940735817,8.295572322
5.95300293,8.252967494
5.965277433,8.181501331
5.977545023,8.313438862
5.989822149,8.244721398
6.002173185,8.320310609
6.01445961,8.332679753
6.026706457,8.346423245
6.038975,8.292823623
6.05129528,8.334054102
6.063598156,8.358792389
6.075854301,8.373910231
6.08812356,8.29969537
6.100383759,8.384905026
6.112891674,8.383530676
6.12511158,8.266710987
6.137353182,8.334054102
6.149592876,8.295572322
6.161947012,8.358792389
6.174210072,8.416515059
6.186471939,8.387653724
6.198705912,8.362915437
6.211051941,8.328556705
6.22342515,8.441253347
6.235683918,8.427509854
6.2479105,8.248844446
6.260199308,8.211737015
6.272621632,8.364289786
6.284882069,8.37665893
6.297147751,8.283203178
6.309390068,8.292823623
6.321797132,8.328556705
6.334040642,8.321684958
6.346269369,8.274957082
6.358589411,8.354669341
6.370947838,8.354669341
6.383245707,8.27908013
6.395557642,8.252967494
6.407824993,8.236475302
6.420079708,8.358792389
6.432523012,8.305192767
6.444747448,8.27908013
6.456997871,8.274957082
6.469376326,8.358792389
6.481784821,8.373910231
6.494226694,8.280454479
6.506673336,8.237849651
6.519098043,8.393151121
6.531645298,8.3368028
6.544054747,8.3368028
6.556502342,8.343674547
6.568947554,8.367038485
6.581539869,8.291449274
6.593943357,8.273582733
6.60639286,8.27908013
6.618788481,8.237849651
6.63128686,8.329931054
6.643718481,8.18287568
6.656150818,8.217234412
6.66858387,8.196619173
6.681134224,8.196619173
6.693581581,8.25983924
6.706036329,8.244721398
6.718437672,8.406894614
6.730982304,8.402771566
6.743379831,8.053686846
6.755894184,8.170506536
6.768317699,8.371161533
6.782274246,8.400022868
6.795103073,8.045440751
6.807510853,8.203490919
6.820031881,8.29969537
6.832421303,8.092168627
6.844659805,8.015205066
6.856909037,8.012456368
6.869135618,8.044066401
6.881483078,7.857154898
6.893710613,7.851657501
6.905988216,7.892887979
6.918217182,7.747206954
6.93047595,7.685361236
6.942873478,7.607023327
6.955145597,7.590531135
6.967356205,7.431106618
6.979599237,7.38712744
6.991930723,7.393999187
7.004185438,7.432480967
7.016423941,7.355517407
7.028654337,7.207087683
7.041042089,7.301917784
7.053281546,7.32940477
7.065521479,7.21395943
7.077769041,7.094391041
7.090016365,7.293671688
7.102412224,7.281302545
7.114853144,7.121878027
7.127235174,7.069652754
7.139595509,7.136995869
7.152095795,7.131498472
7.16446352,7.087519295
7.17684412,7.066904055
7.18921566,7.229077272
7.201737642,7.121878027
7.214110613,7.229077272
7.22648263,7.094391041
7.238856077,7.101262788
7.251404285,6.923971729
7.263792753,7.149365013
7.276183844,7.139744568
7.288549423,7.277179497
7.301079035,6.918474332
7.313461304,6.834639025
7.32582283,6.783788101
7.338323832,6.904730839
7.350839615,6.591379201
7.363314867,6.760424163
7.375693083,6.966576557
7.388039351,6.790659848
7.400430202,6.66971711
7.412909031,6.33987328
7.425271749,6.661471014
7.43761158,6.644978823
7.449987888,6.390724204
7.462432384,6.431954683
7.47557497,6.499297798
7.488713503,6.32200674
7.501803637,6.445698176
7.514191151,6.297268452
7.526486158,6.365985917
7.538800716,6.179074413
7.551198483,6.225802289
7.563528776,6.431954683
7.575823545,6.242294481
7.588159561,6.16670527
7.600440979,6.232674036
7.612874031,6.364611568
7.625169039,6.14609003
7.637469292,6.139218284
7.649720669,6.280776261
7.662084579,6.313760644
7.674362659,6.052634278
7.686645985,6.18457181
7.69894433,6.393472903
7.711321831,6.2038127
7.723580599,5.99078856
7.735884666,6.269781466
7.748155832,6.396221601
7.760473728,6.265658419
7.772872925,5.97292202
7.785199165,6.118603044
7.797455788,6.474559511
7.809753656,6.335750232
7.822127104,6.155710475
7.834457397,6.108982599
7.846749067,6.216181844
7.859039783,6.163956571
7.871570349,6.159833523
7.883877039,6.018275546
7.896160364,5.93306589
7.908442736,5.917948048
7.920851946,5.986665512
7.933200359,5.831364043
7.945461988,5.731036544
7.957764864,5.726913496
7.970062971,5.703549558
7.982506752,5.765395277
7.994827271,5.670565175
8.007128239,5.502894562
8.019427299,5.431428399
8.031838894,5.469910179
8.044141054,5.496022816
8.056447744,5.511140658
8.068724632,5.361336585
8.081135511,5.365459633
8.09340477,5.647201238
8.105697632,5.589478567
8.117974043,5.441048844
8.130312681,5.406690112
8.142729759,5.592227266
8.155044079,5.64307819
8.167333603,5.616965553
8.179665565,5.463038433
8.192022324,5.552371136
8.20430541,5.601847711
8.216564655,5.649949936
8.228862286,5.616965553
8.241269112,5.394320968
8.253569603,5.535878945
8.265831947,5.515263706
8.278130054,5.368208331
8.290409803,5.450669289
8.302839279,5.399818365
8.3151474,5.324229154
8.327475309,5.379203126
8.339754581,5.364085284
8.352148056,5.31186001
8.364440203,5.353090489
8.37678504,5.315983058
8.389192581,5.414936207
8.401575804,5.446546241
8.413840055,5.239019498
8.42615509,5.333849599
8.43842864,5.655447333
8.45080924,5.442423193
8.463118076,5.288496073
8.475433111,5.379203126
8.48775053,5.658196032
8.500054359,5.386074872
8.512511015,5.221152957
8.524819136,5.574360725
8.537122488,5.633457745
8.549542904,5.446546241
8.56201005,5.295367819
8.574338675,5.336598298
8.586635113,5.50701761
8.598938227,5.491899768
8.611371517,5.295367819
8.623715401,5.364085284
8.636060476,5.475407576
8.648373604,5.245891245
8.660732031,5.299490867
8.673053741,5.465787131
8.685378313,5.239019498
8.697731256,5.230773402
8.710049152,5.287121723
8.722495794,5.361336585
8.734764814,5.401192714
8.747092962,5.168927684
8.759360075,4.940785702
8.771767378,5.211532512
8.784089565,5.030118406
8.796374559,4.814345567
8.808678389,4.88581173
8.821038008,4.832212108
8.833368063,4.880314333
8.845673084,4.929790908
8.857952833,5.245891245
8.870264053,5.160681588
8.882638931,5.291244771
8.894918919,5.113953713
8.90722394,5.243142546
8.919662476,5.164804636
8.932038069,4.880314333
8.944414139,4.958652243
8.956698418,4.856950395
8.969018459,4.880314333
8.981455803,4.715392418
8.993764162,4.852827347
9.006065845,5.237645149
9.018347263,5.43005405
9.03076601,5.250014292
9.04309535,5.08096933
9.055379391,5.012251865
9.06771636,5.226650354
9.080037355,4.845955601
9.092440367,4.649423652
9.104732513,4.779986835
9.117021084,4.888560429
9.129337788,5.042487549
9.141691923,5.19641467
9.153981924,4.986139228
9.166252613,5.307736963
9.178551912,5.173050732
9.190989733,4.799227725
9.20327425,4.957277893
9.215554714,4.738756356
9.227855921,4.670038891
9.24017334,4.657669748
9.252552271,4.892683477
9.264855623,5.160681588
9.277143955,5.108456315
9.289465666,5.162055938
9.301793098,5.06035409
9.314114809,4.738756356
9.326421499,4.687905432
9.338703632,4.564213996
9.351062536,4.938037003
9.363347292,5.280249977
9.375647545,5.104333268
9.387962103,4.997134023
9.400277853,4.788232931
9.41268611,4.910550017
9.424973488,4.484501737
9.437289238,4.670038891
9.449702978,5.104333268
9.462129831,5.005380119
9.474466801,5.015000564
9.486763,4.718141117
9.499043465,4.994385324
9.511425018,4.718141117
9.523696184,4.610941872
9.536000252,4.82808906
9.548493862,4.982016181
9.561019182,5.230773402
9.573337078,5.104333268
9.585681438,4.723638514
9.597967863,4.500993929
9.610272169,4.848704299
9.622659445,4.69202848
9.634976387,4.991636626
9.64728117,4.90505262
9.659574032,5.039738851
9.672039032,4.613690571
9.68434,4.499619579
9.696666956,4.444645608
9.708979845,4.880314333
9.721352816,5.083718028
9.733652115,5.063102789
9.745929241,4.790981629
9.758221865,4.45976345
9.770690441,4.540850058
9.783032179,5.008128817
9.795328379,5.005380119
9.807611465,5.017749262
9.819889545,4.51748612
9.832335711,4.391045985
9.844615459,4.45976345
9.856938124,5.010877516
9.869194031,4.900929572
9.881639719,4.962775291
9.893930674,4.521609168
9.906248093,4.933913955
9.918530464,4.465260847
9.930889606,4.821217314
9.943200111,4.936662654
9.95548296,4.971021386
9.967815161,4.564213996
9.980264425,4.435025163
9.992643356,4.40066643
10.00493956,4.898180874
10.01721025,4.977893133
10.02953601,4.528480915
10.04192424,4.590326633
10.05422783,4.484501737
10.06742406,4.722264165
10.08069086,4.646674954
10.09399772,4.674161939
10.10726619,4.705771973
10.12044954,4.588952283
10.13378787,4.436399512
10.14704919,4.480378689
10.16026092,4.484501737
10.17364049,4.535352661
10.18688297,4.57658314
10.20012665,4.561465297
10.21342802,4.535352661
10.22662401,4.582080537
10.23979163,4.674161939
10.25305915,4.697525877
10.26627755,4.726387212
10.27951026,4.755248548
10.29289222,4.759371595
10.3057096,4.807473821
10.31850076,4.859699094
10.33145189,4.898180874
10.34468031,4.82808906
10.35793757,4.892683477
10.37127304,5.035615803
10.3846035,4.977893133
10.39787483,5.056231042
10.41117239,4.971021386
10.4244113,4.922919161
10.43759894,4.990262276
10.45093441,5.047984947
10.4641757,4.850078649
10.47744632,4.775863787
10.49082303,4.825340361
10.50405335,4.703023274
10.51723552,4.495496532
10.53069544,4.6535467
10.54396343,4.742879404
10.55718684,4.553219202
10.57036829,4.224749721
10.58372998,4.184893592
10.59698176,4.132668319
10.6102972,4.057079108
10.62374544,4.117550476
10.63698506,3.960874657
10.65019941,4.142288764
10.6635561,4.334697664
10.67677236,4.367682047
10.68999338,4.395169033
10.70335317,4.351189856
10.71658492,4.241241913
10.72977781,4.120299175
10.74308872,4.242616262
10.75626826,4.404789478
10.76945496,4.404789478
10.78269887,4.488624785
10.79593658,4.703023274
10.809196,4.766243342
10.82252169,4.661792796
10.83569264,4.719515466
10.84885383,4.757997246
10.8621068,4.718141117
10.87538242,4.411661225
10.88861442,4.505116977
10.90195727,4.540850058
10.91493416,4.621936666
10.92757893,4.738756356
10.93982553,4.55734225
10.9521718,4.715392418
10.96438599,4.560090948
10.97680855,4.884437381
10.98918176,5.046610597
11.00168395,4.577957489
11.01406765,4.40066643
11.02646208,4.327825918
11.03883433,4.439148211
11.05134344,4.889934778
11.06374621,4.839083854
11.07630205,4.71126937
11.08870912,4.373179445
11.10119939,4.411661225
11.11358476,4.55734225
11.12595916,4.942160051
11.13834,4.881688682
11.15081358,4.338820712
11.16321254,4.391045985
11.17557693,4.386922938
11.18796277,4.834960806
11.20035672,4.568337044
11.21282482,4.488624785
11.22522068,4.414409923
11.2375772,4.384174239
11.24995613,4.71264372
11.26241398,4.45976345
11.27481103,4.426779067
11.28721857,4.292092836
11.29960728,4.748376801
11.31210804,4.580706188
11.32449031,4.47900434
11.33684993,4.270103248
11.34923792,4.274226296
11.36165428,4.7511255
11.37404966,4.667290193
11.38640261,4.488624785
11.39879131,4.261857152
11.4112308,4.69202848
11.42364836,4.82808906
11.43600941,4.451517354
11.44837666,4.263231501
11.46086383,4.399292081
11.47328568,4.793730328
11.48566484,4.766243342
11.49807072,4.305836329
11.51042366,4.298964583
11.52287006,4.444645608
11.53528857,4.703023274
11.54768157,4.250862358
11.56006956,4.303087631
11.57254744,4.378676842
11.58494139,4.759371595
11.59744215,4.715392418
11.60983825,4.388297287
11.62232828,4.297590234
11.63470316,4.363559
11.64709044,4.705771973
11.6594696,4.439148211
11.67193437,4.363559
11.68432999,4.298964583
11.69670916,4.414409923
11.70910072,4.71264372
11.72155786,4.32370287
11.73391724,4.358061602
11.74632025,4.476255641
11.75870323,4.759371595
11.77117777,4.676910638
11.78357005,4.315456774
11.79597664,4.355312904
11.80834317,4.542224407
11.82205915,4.682408035
11.83460689,4.448768656
11.84704494,4.599947078
11.85946202,4.649423652
11.87192464,4.249488008
11.8842907,4.451517354
11.89670706,4.674161939
11.90906525,4.821217314
11.92156601,4.298964583
11.93394923,4.205508831
11.94632363,4.44052256
11.95870852,4.697525877
11.97111297,4.678284987
11.98337555,4.263231501
11.99564648,4.418532971
12.00790095,4.814345567
12.02017188,4.586203585
12.03259563,4.184893592
12.04484606,4.705771973
12.05707526,4.532603962
12.06934357,4.719515466
12.08176422,4.301713281
12.09403467,4.455640402
12.10625553,4.5559679
12.11849523,4.734633308
12.13100553,4.297590234
12.14328551,4.407538177
12.15549994,4.577957489
12.16773939,4.782735533
12.17997551,4.414409923
12.19251275,4.327825918
12.20475435,4.403415129
12.21709514,4.823966012
12.22936916,4.465260847
12.24179244,4.250862358
12.25406027,4.373179445
12.26631832,4.856950395
12.27853012,4.492747833
12.29089379,4.18901664
12.30318451,4.347066808
12.31543255,4.82808906
12.32764816,4.505116977
12.33988595,4.209631879
12.35223222,4.305836329
12.36446786,4.814345567
12.37670684,4.540850058
12.38948345,4.209631879
12.40187764,4.32370287
12.41412425,4.823966012
12.42637539,4.748376801
12.43863535,4.322328521
12.4509449,4.237118865
12.46321845,4.701648925
12.47546458,4.790981629
12.48771787,4.487250436
12.50027609,4.286595439
12.5127697,4.245364961
12.52498603,4.6535467
12.53725576,4.590326633
12.54948068,4.355312904
12.56179905,4.261857152
12.57403946,4.694777179
12.58630991,4.650798001
12.59853482,4.301713281
12.61093497,4.628808413
12.62318325,4.649423652
12.63544822,4.642551906
12.64779353,4.287969789
12.66006064,4.282472391
12.67243648,4.649423652
12.68470669,4.609567523
12.69693661,4.5559679
12.70921016,4.301713281
12.7215836,4.650798001
12.73385477,4.626059714
12.74609923,4.524357867
12.75835061,4.238493214
12.77075934,4.683782384
12.78318501,4.676910638
12.79543591,4.528480915
12.80764747,4.211006228
12.8198595,4.525732216
12.83209968,4.69202848
12.84432173,4.287969789
12.85654879,4.271477597
12.86874843,4.499619579
12.88109565,4.701648925
12.89331031,4.309959377
12.9055407,4.399292081
12.91771889,4.454266053
12.92993379,4.740130705
12.94223928,4.426779067
12.9544611,4.403415129
12.96663523,4.465260847
12.97885036,4.686531083
12.99117661,4.24673931
13.00341225,4.380051191
13.01561022,4.694777179
13.02783847,4.665915844
13.04006863,4.347066808
13.05243731,4.338820712
13.06463695,4.649423652
13.0768702,4.657669748
13.08910489,4.274226296
13.10148358,4.358061602
13.11369133,4.778612486
13.12588739,4.503742627
13.13805604,4.18901664
13.15026259,4.345692459
13.16263866,4.661792796
13.17488074,4.454266053
13.18708563,4.217877975
13.19938397,4.305836329
13.21169472,4.778612486
13.22387767,4.609567523
13.23608565,4.222001023
13.2483263,4.355312904
13.26060987,4.748376801
13.27288508,4.47900434
13.28509665,4.259108453
13.29734468,4.419907321
13.30956173,4.759371595
13.32188845,4.565588345
13.3340888,4.213754927
13.34632683,4.582080537
13.35851979,4.738756356
13.37080741,4.550470503
13.38304377,4.292092836
13.39525795,4.564213996
13.40747213,4.5559679
13.41969705,4.301713281
13.43202448,4.298964583
13.44422531,4.44052256
13.45648384,4.678284987
13.46870255,4.443271258
13.48098636,4.322328521
13.493222,4.465260847
13.50542498,4.687905432
13.51764035,4.403415129
13.52981663,4.418532971
13.54209924,4.472132594
13.55430818,4.73188461
13.56651044,4.315456774
13.57877207,4.375928143
13.59113264,4.524357867
13.60334039,4.774489438
13.61557817,4.455640402
13.62778759,4.388297287
13.64001775,4.458389101
13.65232062,4.814345567
13.66453314,4.492747833
13.67673063,4.32370287
13.68906307,4.292092836
13.70137095,4.694777179
13.71362424,4.468009546
13.72579145,4.286595439
13.73804259,4.586203585
13.75027204,4.57658314
13.76260257,4.53672701
13.77479243,4.271477597
13.78701806,4.620562317
13.79922032,4.665915844
13.81152749,4.322328521
13.82374763,4.307210679
13.83599401,4.71264372
13.84818673,4.642551906
13.86039424,4.319579822
13.87275004,4.34294376
13.88495469,4.703023274
13.89715004,4.645300604
13.9093678,4.267354549
13.92162561,4.282472391
13.93383384,4.738756356
13.94602513,4.708520672
13.95823097,4.283846741
13.97044754,4.521609168
13.98277783,4.621936666
13.99636221,4.663167145
14.00903869,4.561465297
14.02147388,4.500993929
14.03384447,4.303087631
14.04615545,4.645300604
14.05849695,4.71126937
14.07094002,4.521609168
14.08329105,4.315456774
14.09558034,4.448768656
14.10784268,4.823966012
14.12012291,4.92566786
14.13262844,4.763494643
14.14492607,4.942160051
14.15724111,4.888560429
14.16951632,5.160681588
14.18198085,5.369582681
14.19428492,5.552371136
14.20659399,5.829989693
14.21886349,6.135095236
14.23136973,6.405842046
14.24367952,6.632609679
14.25596189,7.061406658
14.26824331,7.141118917
14.28069425,7.194718539
14.29299569,7.396747885
14.30530143,7.391250488
14.317559,7.565792848
14.32982159,7.644130758
14.34223747,7.295046038
14.35458016,7.198841587
14.36685705,7.464091001
14.37914205,7.424234871
14.39161587,7.119129328
14.40400457,6.896484743
14.41628957,6.970699605
14.42858386,6.695829747
14.44104052,6.65047622
14.45332575,6.466313415
14.46559906,6.155710475
14.47785974,6.228550988
14.49012613,6.067752121
14.50251269,5.945435034
14.51476693,5.930317192
14.52705169,5.893209761
14.53936386,5.810748803
14.55169821,5.909701952
14.56420922,6.014152498
14.57661271,5.920696746
14.58892059,5.948183732
14.60137987,6.071875169
14.61364436,6.253289275
14.62590027,6.308263247
14.63817859,6.414088142
14.65047026,6.508918243
14.66291022,6.558394818
14.67519665,6.602373995
14.68744063,6.933592174
14.69972777,6.636732727
14.71211505,6.867623408
14.72438884,6.995437892
14.73664594,6.970699605
14.74906325,6.966576557
14.76140237,6.808526389
14.77371454,7.080647548
14.78598404,6.889612997
14.79827356,7.042165768
14.81072068,6.917099983
14.82309675,7.047663165
14.83537245,6.801654642
14.84764099,6.701327144
14.85990405,6.760424163
14.87233973,6.653224919
14.88462901,6.815398135
14.89692926,6.695829747
14.90916824,6.715070637
14.92153573,6.654599268
14.93378949,6.382478108
14.94606829,6.389349855
14.95831561,6.562517865
14.97083211,6.416836841
14.98310328,6.544651325
14.99542809,6.49517475
15.00771165,6.245043179
15.01996756,6.526784784
15.03244448,6.644978823
15.04472566,6.364611568
15.0570066,6.49517475
15.06929135,6.521287387
15.08171916,6.583133105
15.09401107,6.731562828
15.10627031,6.581758756
15.11854172,6.407216396
15.13098693,6.715070637
15.14328909,6.753552417
15.15554762,6.665594062
15.16780329,6.55427177
15.18006921,6.445698176
15.19247961,6.80577769
15.20478344,6.842885121
15.21706152,6.657347967
15.2293303,6.793408546
15.24168253,6.653224919
15.25393987,6.797531594
15.26621342,6.937715222
15.27860832,6.764547211
15.29114437,6.798905944
15.30343461,6.602373995
15.31570029,6.918474332
15.32798243,6.65047622
15.34025741,6.660096665
15.35261774,6.610620091
15.36487579,6.74805502
15.37712121,6.984443098
15.38939309,6.764547211
15.40172982,7.002309639
15.41399503,6.834639025
15.42627072,6.763172862
15.43856859,6.991314844
15.45101118,6.888238647
15.46328616,6.917099983
15.4755218,6.723316733
15.48780179,6.88274125
15.50006223,6.815398135
15.51244092,6.72743978
15.52468395,6.856628614
15.53695154,6.871746456
15.54920387,6.987191796
15.56157398,6.66971711
15.57381773,6.794782896
15.58607149,6.896484743
15.59833598,6.90335649
15.61079311,6.930843476
15.62302589,6.723316733
15.63529301,6.819521183
15.64752698,6.682086254
15.65979266,6.834639025
15.67220759,6.984443098
15.68445611,6.939089571
15.69677496,6.933592174
15.70901275,6.739808924
15.72137403,6.879992552
15.73360395,6.721942383
15.74581409,6.774167656
15.75801945,6.875869504
15.77020741,6.731562828
15.78257322,6.965202208
15.79490185,6.793408546
15.80718803,6.830515977
15.81942821,6.834639025
15.83181238,6.847008169
15.84403491,7.017427481
15.85630989,6.677963206
15.86853766,6.798905944
15.88088083,7.002309639
15.893085,6.917099983
15.90534425,6.804403341
15.91756392,6.633984029
15.92979431,6.840136422
15.94208717,6.889612997
15.95433807,6.726065431
15.96653032,6.94183827
15.9787488,6.772793307
15.99108362,6.76729591
16.00333571,6.664219713
16.01565766,6.888238647
16.02790356,7.047663165
16.04012728,6.763172862
16.05256844,6.794782896
16.06478953,6.706824541
16.07700753,6.904730839
16.08920884,6.871746456
16.10163045,6.66971711
16.11384964,6.923971729
16.12605667,6.830515977
16.13826966,6.778290704
16.15058517,6.610620091
16.16283703,6.811275087
16.17504168,6.937715222
16.18727708,6.633984029
16.19949341,6.790659848
16.21182752,6.962453509
16.22407722,7.036668371
16.23627663,7.009181385
16.24847913,6.682086254
16.26074791,6.856628614
16.27297282,6.680711905
16.28516746,6.879992552
16.29740286,6.893736045
16.30977559,6.706824541
16.32215714,6.958330461
16.33436084,6.72743978
16.34657574,6.847008169
16.35877943,6.860751662
16.3711381,6.829141628
16.38339663,6.873120805
16.3956151,6.750803718
16.40787435,6.933592174
16.42006302,6.653224919
16.43242979,6.783788101
16.44463134,6.879992552
16.45686531,6.822269882
16.46910739,7.017427481
16.48150873,6.701327144
16.49372435,6.847008169
16.50597024,6.838762073
16.51817417,6.785162451
16.53039241,6.877243853
16.5426712,6.657347967
16.55487704,6.914351284
16.56706595,6.826392929
16.57928753,6.671091459
16.59156847,6.763172862
16.60383081,6.772793307
16.61607337,6.988566146
16.6282866,7.042165768
16.64069724,6.842885121
16.65295959,6.746680671
16.66514468,6.702701493
16.67737222,7.013304433
16.68956518,6.914351284
16.7019217,6.94183827
16.71416068,6.772793307
16.72639608,6.819521183
16.73860264,7.05865796
16.75091934,6.815398135
16.76314354,6.908853887
16.77535701,6.804403341
16.78755975,7.017427481
16.79978037,6.966576557
16.81215525,6.822269882
16.82455587,6.933592174
16.83678317,6.691706699
16.84908032,6.912976935
16.86173749,6.785162451
16.87438059,6.954207413
16.88676929,6.716444986
16.89906049,6.959704811
16.91140699,6.851131217
16.92365909,6.914351284
16.93587446,6.753552417
16.94807529,6.798905944
16.96027136,7.013304433
16.9726069,6.918474332
16.98480678,6.933592174
16.99704432,6.730188479
17.00931048,6.988566146
17.02172184,6.98032005
17.03394341,6.875869504
17.04619384,6.871746456
17.05839515,6.822269882
17.07076383,6.978945701
17.08302164,6.710947589
17.09526706,6.962453509
17.10749745,6.706824541
17.11975908,6.90335649
17.13214874,7.145241965
17.1443994,6.92122303
17.15660071,6.94183827
17.16883373,6.793408546
17.18120074,7.040791419
17.19342208,6.815398135
17.20564318,6.826392929
17.21787858,6.829141628
17.23009562,6.798905944
17.24246454,6.896484743
17.25469708,6.763172862
17.26692677,6.826392929
17.27911282,6.734311527
17.29150891,7.07789885
17.30375743,6.86350036
17.31598377,6.770044608
17.32818937,6.892361695
17.34072447,6.889612997
17.35296607,6.928094777
17.3651998,6.789285499
17.37738276,6.948710016
17.38960242,6.804403341
17.40197086,7.036668371
17.41419411,6.856628614
17.42637515,6.912976935
17.43859267,7.090267993
17.4508698,6.797531594
17.46313334,7.005058337
17.47535133,6.877243853
17.48758435,6.995437892
17.4997983,6.794782896
17.51221514,6.99956094
17.52444911,7.094391041
17.53667879,6.867623408
17.54888535,6.776916355
17.56129336,6.750803718
17.5734818,7.108134534
17.58572364,6.917099983
17.59793687,6.889612997
17.61017632,6.954207413
17.622504,6.930843476
17.63474059,6.904730839
17.64696908,6.781039403
17.65918112,7.036668371
17.67158198,6.715070637
17.68383241,6.804403341
17.6960361,6.897859093
17.70827651,6.950084366
17.72061539,6.774167656
17.73283601,6.698578445
17.74505067,7.124626726
17.7572577,6.995437892
17.76944685,6.888238647
17.78173661,6.691706699
17.79392672,6.965202208
17.80616117,7.021550529
17.81835151,6.756301116
17.83076096,6.972073954
17.84299922,6.92122303
17.8553443,7.040791419
17.86755157,6.866249059
17.87981439,7.054534912
17.89216232,6.836013374
17.90442848,6.723316733
17.9166708,7.083396247
17.9289031,7.047663165
17.94126678,6.928094777
17.95349336,6.701327144
17.96568441,7.007807036
17.97788763,7.016053132
17.99008417,6.866249059
18.00246978,6.885489949
18.01474237,6.859377312
18.02697182,7.186472444
18.03917289,6.910228236
18.05147862,6.950084366
18.06369853,6.815398135
18.07592916,6.856628614
18.0881176,7.145241965
18.10037899,6.98032005
18.11283994,6.86350036
18.12508273,6.643604474
18.13729286,6.962453509
18.14950657,6.933592174
18.16184258,6.819521183
18.17408156,6.875869504
18.18628979,6.793408546
18.19851255,6.995437892
18.21087933,6.770044608
18.22314763,6.987191796
18.23535156,6.856628614
18.24756098,7.005058337
18.25977182,7.013304433
18.27215171,6.889612997
18.28438687,6.838762073
18.29661059,6.776916355
18.30882144,7.053160562
18.32127619,6.930843476
18.33347368,7.021550529
18.34570503,6.814023786
18.35789919,7.017427481
18.37023187,7.062781007
18.38255262,6.925346078
18.39477706,6.908853887
18.40699792,6.908853887
18.41922927,7.05728361
18.43155146,6.842885121
18.44377494,6.90335649
18.45600343,6.992689194
18.46822405,7.091642343
18.48042536,6.88274125
18.49286556,6.845633819
18.50507355,7.179600697
18.51729894,7.020176179
18.52951455,6.88274125
18.54188538,6.873120805
18.55413675,7.223579875
18.56636691,6.86350036
18.57856011,7.016053132
18.59089899,6.954207413
18.60312891,7.036668371
18.61537743,7.062781007
18.62760639,6.974822653
18.63982654,6.877243853
18.65217161,6.875869504
18.6644361,7.186472444
18.67665815,7.047663165
18.68895936,7.05728361
18.70143771,6.840136422
18.71370077,7.090267993
18.72592306,7.002309639
18.73817563,7.061406658
18.75042319,6.885489949
18.76273036,7.009181385
18.7749176,6.94183827
18.78714323,6.98032005
18.79934096,7.066904055
18.81167459,6.798905944
18.82391667,6.950084366
18.83613706,6.995437892
18.84836459,7.1741033
18.86077738,6.871746456
18.87299562,7.053160562
18.88535571,6.910228236
18.89754343,7.104011486
18.90975738,7.099888438
18.92207503,6.871746456
18.93430328,6.974822653
18.94655252,6.978945701
18.95878482,7.156236759
18.97115517,6.912976935
18.98339033,7.011930084
18.99559164,6.871746456
19.00781083,7.182349396
19.02004409,6.974822653
19.0324297,6.923971729
19.04462457,6.934966523
19.05682945,7.101262788
19.06901646,7.05865796
19.08147407,6.776916355
19.09369588,6.978945701
19.10594416,7.05728361
19.11816716,7.119129328
19.13042855,6.743931972
19.14277649,7.061406658
19.1549933,6.930843476
19.16718793,7.021550529
19.17944026,6.996812242
19.19171929,7.075150151
19.20392585,6.98032005
19.21614957,6.925346078
19.22835946,7.080647548
19.24071097,6.910228236
19.25296187,7.101262788
19.26518822,6.814023786
19.27742529,7.186472444
19.28960896,7.036668371
19.3019588,6.889612997
19.31416845,6.859377312
19.32638359,7.104011486
19.33856821,7.13562152
19.35087347,6.842885121
19.36309648,6.98032005
19.37532377,6.984443098
19.38754368,7.187846793
19.39986753,6.945961318
19.41217852,6.866249059
19.42442989,6.804403341
19.43662429,6.950084366
19.44883513,7.044914467
19.4612112,6.867623408
19.47342396,7.080647548
19.48561311,6.892361695
19.4978323,6.970699605
19.51002526,7.005058337
19.52253079,7.249692511
19.53474259,6.86350036
19.54698086,6.808526389
19.55915666,6.99956094
19.57146382,6.930843476
19.58390045,7.03804272
19.59623504,6.830515977
19.60845399,7.084770596
19.62085199,6.92122303
19.63308048,7.011930084
19.6453023,6.92122303
19.65751243,7.028422275
19.66976333,7.032545323
19.68211913,6.988566146
19.69443035,6.976197002
19.70665169,6.866249059
19.71889186,7.121878027
19.73125339,6.958330461
19.74350309,7.13562152
19.75571489,6.900607791
19.7679286,6.995437892
19.78015471,6.879992552
19.79264808,7.069652754
19.80485964,6.970699605
19.8170979,6.815398135
19.82931304,6.950084366
19.84171867,7.069652754
19.85392356,7.091642343
19.86615348,6.892361695
19.87836552,7.047663165
19.89069104,6.790659848
19.90292645,7.066904055
19.91529393,7.029796624
19.92751455,6.900607791
19.9397552,6.801654642
19.95212245,6.99956094
19.96434236,7.156236759
19.97655821,6.871746456
19.98879933,6.972073954
20.00120449,6.847008169
20.01344323,7.084770596
20.02566504,6.972073954
20.03790092,7.094391041
20.05012417,6.928094777
20.0624938,7.011930084
20.07470107,7.110883233
20.08693409,7.094391041
20.09913301,7.139744568
20.11145496,6.992689194
20.1236856,7.005058337
20.1359036,6.851131217
20.14810276,7.121878027
20.16031027,6.972073954
20.1727097,7.11638063
20.18493629,6.910228236
20.19715834,6.893736045
20.20940804,7.03804272
20.2217474,7.017427481
20.23398924,7.149365013
20.24618483,6.840136422
20.25841904,7.066904055
20.27076793,6.88274125
20.283005,7.03804272
20.29518342,7.108134534
20.30739188,7.054534912
20.31958771,6.948710016
20.3320353,6.875869504
20.34427476,7.149365013
20.3565371,6.99956094
20.36880136,7.104011486
20.3811326,6.873120805
20.39331961,7.080647548
20.40556192,7.145241965
20.41778779,7.149365013
20.43011618,7.025673577
20.44251299,6.830515977
20.45473957,7.071027103
20.46693659,6.996812242
20.47915983,7.146616314
20.49158287,6.923971729
20.50382471,6.930843476
20.51604724,6.829141628
20.52828884,7.262061655
20.54048443,7.007807036
20.55283332,6.808526389
20.56504536,7.167231554
20.57725286,7.036668371
20.5894537,7.069652754
20.60178947,6.822269882
20.61401033,7.044914467
20.62627602,6.923971729
20.63852739,7.09576539
20.65093923,6.984443098
20.66313744,6.875869504
20.67537117,6.970699605
20.68763924,6.82501858
20.69993329,6.834639025
20.71236634,6.914351284
20.72461414,7.141118917
20.7368331,6.781039403
20.74905729,6.917099983
20.76137233,6.859377312
20.77359414,7.042165768
20.78588343,6.948710016
20.79813814,6.885489949
20.81035757,7.028422275
20.8227613,7.020176179
20.83498478,7.054534912
20.84723401,6.778290704
20.85945153,7.047663165
20.87179279,6.966576557
20.88401937,7.186472444
20.89624023,6.847008169
20.90843844,6.918474332
20.92081881,7.104011486
20.93305278,7.167231554
20.94532371,7.066904055
20.95762515,6.923971729
20.96985388,7.124626726
20.98217797,7.028422275
20.99445987,7.165857204
21.00669408,6.900607791
21.01895666,7.115006281
21.03145361,6.918474332
21.0437932,7.119129328
21.05618358,7.042165768
21.06845331,7.054534912
21.08085585,6.984443098
21.09311771,7.066904055
21.10533977,7.091642343
21.11756992,6.992689194
21.12978029,7.07789885
21.14205813,6.873120805
21.15428567,7.1741033
21.16651201,6.976197002
21.17872429,7.025673577
21.19109845,6.908853887
21.20331597,7.069652754
21.21552205,7.053160562
21.22772408,6.90335649
21.23997402,6.965202208
21.25239968,6.893736045
21.26462626,7.110883233
21.27683258,6.794782896
21.28905153,6.984443098
21.30140471,6.847008169
21.31363964,7.11638063
21.32587647,6.948710016
21.33813715,7.119129328
21.35035181,6.987191796
21.36272025,6.851131217
21.37492013,7.241446415
21.38714647,7.099888438
21.39934683,6.950084366
21.41168475,6.785162451
21.42390752,7.219456827
21.43609643,7.075150151
21.44830394,7.07789885
21.46080351,6.917099983
21.47300768,7.025673577
21.48524594,7.119129328
21.49746203,6.995437892
21.50968313,6.954207413
21.52204323,6.836013374
21.53428793,7.11638063
21.54647446,6.94183827
21.55867052,6.984443098
21.57099509,6.783788101
21.58323669,7.011930084
21.59544635,7.020176179
21.60764146,6.958330461
21.6198504,6.92122303
21.63228345,6.914351284
21.6444993,7.062781007
21.65673208,6.995437892
21.66900349,7.091642343
21.68141747,6.849756867
21.6936357,6.900607791
21.70629716,6.829141628
21.71890688,7.260687305
21.73135829,7.075150151
21.7436378,6.815398135
21.75586462,6.855254265
21.76813364,7.295046038
21.78038144,6.908853887
21.79280376,6.954207413
21.80502915,6.838762073
21.81727242,7.047663165
21.82952332,6.569389612
21.84189796,6.856628614
21.85411763,6.705450192
21.86634707,6.313760644
21.87858057,6.361862869
21.89099622,5.982542465
21.90338969,6.007280752
21.91580415,5.813497502
21.92808962,5.553745486
21.94035959,5.33247525
21.95276046,5.291244771
21.96505952,5.11945111
21.97731495,4.900929572
21.98968983,4.788232931
22.00205708,4.476255641
22.01432133,4.480378689
22.02659702,4.039212567
22.03883696,4.283846741
22.0512886,4.061202155
22.06357384,3.925141576
22.07586789,4.176647496
22.08813238,3.893531542
22.10038328,3.892157193
22.11278987,4.173898797
22.12502289,4.028217773
22.13726854,4.274226296
22.14949203,4.24673931
22.16178322,4.209631879
22.17400527,4.590326633
22.18625474,4.422656019
22.19847989,4.5559679
22.21089888,4.698900227
22.22315025,4.98339053
22.23540831,5.012251865
22.24761963,5.17717378
22.25987411,5.015000564
22.27217484,4.971021386
22.28444052,5.001257071
22.29667854,5.032867104
22.30894709,5.116702411
22.32126904,5.155184191
22.33353472,5.06035409
22.34576821,5.162055938
22.35805345,5.02187231
22.37029862,5.155184191
22.38273501,5.123574158
22.39496636,4.900929572
22.40718699,4.900929572
22.41941905,4.682408035
22.43182135,4.458389101
22.44406867,4.337446363
22.45629692,4.588952283
22.46851802,4.520234819
22.48092008,4.213754927
22.49316549,4.213754927
22.50553799,4.496870881
22.51776624,4.069448251
22.53001738,4.220626673
22.5423975,4.359435952
22.55464244,4.157406606
22.56687212,4.241241913
22.57910156,4.222001023
22.59151363,4.039212567
22.60376072,4.197262735
22.61597943,4.32370287
22.62822509,4.085940443
22.64047766,4.403415129
22.65290904,4.47900434
22.66513944,4.250862358
22.67739272,4.439148211
22.68961167,4.503742627
22.70199132,4.468009546
22.71425366,4.307210679
22.72651625,4.544973106
22.73877478,4.468009546
22.75114489,4.474881292
22.76339006,4.474881292
22.77562785,4.671413241
22.78785396,4.606818824
22.80013013,4.436399512
22.81249475,4.404789478
22.82475305,4.778612486
22.83700514,4.759371595
22.84925675,4.624685365
22.86165524,4.359435952
22.87393236,4.573834441
22.88613582,4.564213996
22.89837193,4.722264165
22.91078448,4.395169033
22.92305708,4.282472391
22.9353056,4.616439269
22.94758105,4.727761562
22.95982504,4.443271258
22.972157,4.2659802
22.98439288,4.626059714
22.99665785,4.657669748
23.00890613,4.347066808
23.02137113,4.32370287
23.033638,4.388297287
23.04588914,4.474881292
23.05813122,4.287969789
23.07044601,4.520234819
23.08281469,4.40066643
23.095083,4.069448251
23.1073494,4.407538177
23.11964107,4.386922938
23.13200831,4.165652702
23.14427042,4.190390989
23.15650225,4.307210679
23.16876483,4.121673524
23.18121624,4.230247118
23.19347906,4.305836329
23.2057128,4.063950854
23.2179575,4.378676842
23.23024297,4.211006228
23.24268818,4.05295606
23.25491595,4.237118865
23.26717806,4.116176127
23.27940917,4.157406606
23.29178739,4.353938555
23.30404258,4.076319998
23.31629324,4.18901664
23.32855082,4.378676842
23.34097672,4.096935237
23.35322428,4.18901664
23.36549997,4.224749721
23.37772799,4.095560888
23.38998032,4.241241913
23.40239501,4.282472391
23.41467166,4.117550476
23.42689872,4.241241913
23.4391458,4.198637085
23.45156145,4.142288764
23.46381164,4.253611056
23.47603846,4.171150099
23.4882803,4.150534859
23.5005784,4.375928143
23.51297259,4.105181333
23.52519536,4.043335615
23.53754663,4.32370287
23.54979396,4.092812189
23.56214142,4.297590234
23.57434988,4.333323315
23.58658457,4.136791367
23.59879255,4.384174239
23.61113,4.044709964
23.62336469,3.984238595
23.63562512,4.424030368
23.64785028,4.250862358
23.66005588,4.184893592
23.67246914,4.274226296
23.68470407,4.145037462
23.696908,4.276974994
23.70911479,4.184893592
23.72143435,3.975992499
23.7336874,4.213754927
23.74593425,4.286595439
23.75818849,4.128545271
23.77041745,4.16977575
23.78283954,4.11067873
23.79507422,4.096935237
23.8072865,4.411661225
23.81950903,4.021346026
23.83195353,4.096935237
23.84418035,4.315456774
23.85642886,4.142288764
23.86864352,4.286595439
23.88106322,4.202760132
23.89329338,4.085940443
23.90552044,4.237118865
23.91774702,4.099683936
23.92997813,4.095560888
23.94243717,4.290718487
23.95467544,4.171150099
23.96687651,4.039212567
23.97910404,4.261857152
23.99155807,4.250862358
24.00379825,4.135417017
24.01603293,4.326451569
24.02825975,4.186267941
24.04060984,4.116176127
24.05298066,4.403415129
24.06519485,4.249488008
24.07742977,4.059827806
24.08965254,4.347066808
24.10204458,4.090063491
24.11423683,4.278349344
24.12646699,4.101058285
24.1386838,4.01309993
24.15109324,4.286595439
24.16331816,4.274226296
24.17555141,4.084566093
24.18777585,4.125796572
24.20001507,4.209631879
24.21233654,4.224749721
24.22457838,4.358061602
24.23678637,4.065325203
24.24900174,3.93613637
24.26135349,4.386922938
24.27356839,4.222001023
24.28576541,4.065325203
24.29797411,4.153283558
24.31016397,4.039212567
24.32246423,4.408912526
24.33469653,4.069448251
24.3469491,3.967746404
24.35916877,4.36218465
24.37151575,4.132668319
24.38372111,4.105181333
24.39595675,4.270103248
24.40818214,4.11067873
24.42039204,4.157406606
24.43275499,4.230247118
24.4450326,4.017222978
24.45723867,4.276974994
24.46947241,4.307210679
24.48178601,4.142288764
24.4940145,4.36218465
24.50623465,4.096935237
24.51846218,4.044709964
24.53074503,4.245364961
24.54300737,3.996607739
24.55524564,4.301713281
24.56746268,4.474881292
24.57978177,4.059827806
24.59213519,4.290718487
24.6045537,4.220626673
24.61691356,4.116176127
24.62912941,4.261857152
24.64148617,4.003479485
24.65369773,4.047458663
24.66593432,4.341569411
24.67814326,3.963623356
24.69036269,4.180770544
24.70265961,4.059827806
24.71491313,4.01309993
24.72711849,4.238493214
24.7393527,3.934762021
24.75171304,4.16977575
24.76399302,4.008976882
24.77622652,3.980115547
24.78847361,4.180770544
24.80090928,3.915521131
24.81317139,4.18901664
24.82536626,3.944382466
24.83760381,4.050207361
24.84983754,4.153283558
24.86221623,3.964997705
24.87442493,4.076319998
24.88665843,3.896280241
24.89886427,4.318205473
24.91123128,3.938885069
24.92347717,3.83855757
24.9357233,3.959500308
24.94803405,4.050207361
24.96030498,4.157406606
24.97261739,3.802824489
24.98484802,4.024094725
24.99704194,3.954002911
25.00927615,4.250862358
25.02164626,4.050207361
25.03387022,3.778086202
25.04612494,4.120299175
25.0583632,3.992484691
25.07069063,4.125796572
25.08295155,3.860547159
25.09527993,4.021346026
25.10753322,3.964997705
25.1197257,4.150534859
25.13210893,4.073571299
25.1444273,3.863295858
25.15668869,4.099683936
25.16893888,3.959500308
25.18142128,4.128545271
25.19377279,3.856424111
25.20602965,4.096935237
25.21824837,4.120299175
25.23047018,3.900403288
25.24282742,4.088689141
25.25508642,3.940259418
25.26733136,4.101058285
25.27955651,3.867418905
25.29178429,4.194514037
25.30403113,3.904526336
25.31628466,3.919644179
25.32850409,3.921018528
25.34088755,3.959500308
25.3531599,4.161529654
25.36538887,3.938885069
25.37760925,3.889408494
25.38981724,3.758845311
25.40217924,4.22612407
25.41439009,4.035089519
25.42666459,4.109304381
25.43899965,3.831685824
25.45147753,3.971869452
25.46371651,4.117550476
25.47598553,3.871541953
25.4881916,4.043335615
25.50040293,3.831685824
25.51270223,4.201385783
25.52496219,4.004853835
25.53717327,3.944382466
25.54943776,3.888034145
25.56174016,4.008976882
25.57398629,4.186267941
25.58620787,3.93613637
25.59845328,4.039212567
25.61095715,3.831685824
25.62320614,4.12991962
25.63543653,3.963623356
25.64768577,3.984238595
25.65992498,3.882536748
25.67237282,4.050207361
25.68462086,4.237118865
25.69687724,3.893531542
25.70914841,4.044709964
25.72151828,3.786332297
25.7337358,4.120299175
25.74599171,3.996607739
25.75820637,4.139540065
25.77043629,3.808321886
25.78285956,3.846803666
25.79509044,3.907275035
25.80729747,3.989735992
25.81954503,4.015848629
25.83186102,3.815193632
25.84413934,4.167027051
25.85637069,3.900403288
25.86859536,4.084566093
25.88101721,3.956751609
25.89327693,3.947131164
25.90547132,4.017222978
25.91770864,3.985612944
25.92995381,4.128545271
25.94232869,3.860547159
25.9545598,4.096935237
25.96678686,3.882536748
25.97898674,4.084566093
25.99133158,3.989735992
26.00357747,3.969120753
26.01583028,4.095560888
26.02804422,3.932013322
26.04028273,4.11067873
26.05271602,3.867418905
26.06496191,4.120299175
26.07715774,3.872916303
26.08937812,3.908649384
26.10168457,4.004853835
26.11394262,4.000730787
26.12629151,4.105181333
26.13853049,3.80007579
26.15092921,4.076319998
26.16318703,3.83993192
26.17538905,4.145037462
26.18765903,4.015848629
26.19989491,3.964997705
26.21222973,4.036463868
26.22448254,3.867418905
26.2367382,4.135417017
26.24895787,3.921018528
26.26131701,4.03234082
26.27354574,3.831685824
26.28578591,4.11067873
26.29802418,4.160155304
26.31024933,3.900403288
26.32269788,4.063950854
26.33493304,3.899028939
26.34718919,4.061202155
26.35940313,3.893531542
26.37178421,4.028217773
26.38400555,3.923767226
26.3962245,3.889408494
26.40845084,4.095560888
26.42084074,3.846803666
26.43308687,4.139540065
26.44533014,3.959500308
26.4575367,4.055704758
26.46980476,3.8784137
26.48209977,4.047458663
26.49437094,4.190390989
26.50658941,3.875665001
26.5188117,4.040586916
26.53110552,3.81931668
26.54335594,4.120299175
26.5555799,3.985612944
26.5678339,3.896280241
26.58005953,3.927890274
26.59252477,3.984238595
26.6047287,4.18901664
26.61697197,3.871541953
26.62916756,4.132668319
26.64167237,3.852301063
26.65395284,3.964997705
26.66622281,3.959500308
26.67845273,4.007602533
26.69083047,4.019971677
26.70308614,3.793204044
26.71535301,4.059827806
26.72755051,3.860547159
26.73977995,4.209631879
26.75212646,4.01309993
26.76438999,3.8784137
26.77662182,4.01309993
26.78887057,3.999356437
26.80131149,4.055704758
26.81355023,3.795952742
26.82576442,4.136791367
26.83797646,3.967746404
26.85018015,3.911398083
26.86253786,3.908649384
26.87476659,3.872916303
26.88699508,4.150534859
26.89921474,3.883911097
26.91156697,3.960874657
26.92382216,3.915521131
26.93606758,4.05295606
26.9484055,3.934762021
26.96101999,3.81931668
26.97326732,4.116176127
26.98552132,3.879788049
26.99775696,4.007602533
27.009974,3.864670207
27.02229571,3.97461815
27.0345819,3.929264624
27.04685092,3.896280241
27.05910277,4.088689141
27.07144713,3.790455345
27.08372521,4.161529654
27.09594345,3.97461815
27.1081872,3.954002911
27.1204195,3.954002911
27.13287807,3.893531542
27.14522886,4.117550476
27.15747881,3.85917281
27.16969037,4.124422223
27.18203807,3.867418905
27.19423556,4.039212567
27.20643473,4.040586916
27.21872473,3.915521131
27.2311728,4.084566093
27.24342489,3.903151987
27.25568581,4.080443046
27.26794291,3.868793255
27.28021216,4.015848629
27.29264569,4.099683936
27.30488157,3.934762021
27.31709957,4.124422223
27.3293395,3.802824489
27.34171152,4.019971677
27.35399318,3.947131164
27.36621237,4.057079108
27.37844777,3.889408494
27.39087892,3.811070584
27.40314507,4.088689141
27.41538286,3.848178015
27.42765784,4.101058285
27.43988609,3.951254212
27.45223022,4.028217773
27.46445799,3.867418905
27.47668409,3.852301063
27.48893976,3.989735992
27.50141215,3.867418905
27.51361775,4.117550476
27.52584934,3.852301063
27.53807354,4.084566093
27.55031657,4.099683936
27.56261897,3.896280241
27.57483625,4.068073902
27.58703613,3.883911097
27.59924197,4.142288764
27.61156273,3.943008116
27.62377143,4.025469074
27.6359899,3.867418905
27.64822054,4.157406606
27.66082668,4.136791367
27.67310309,3.882536748
27.68532991,4.099683936
27.69756985,3.984238595
27.70975757,4.057079108
27.72207499,3.904526336
27.73430705,4.024094725
27.74652243,4.22612407
27.75875044,3.925141576
27.7711246,4.11067873
27.78331327,3.850926714
27.79554796,4.171150099
27.80776834,3.903151987
27.82001877,3.893531542
27.83244085,4.109304381
27.84466434,3.919644179
27.85688305,4.135417017
27.86911583,3.959500308
27.88151336,4.043335615
27.89377737,3.940259418
27.90602922,3.883911097
27.9182632,4.178021845
27.9304831,3.893531542
27.94284439,4.231621468
27.95511723,4.105181333
27.96736932,3.951254212
27.979599,4.003479485
27.99205256,3.963623356
28.00429416,4.283846741
28.01653028,3.938885069
28.02876282,4.029592122
28.04110003,3.868793255
28.05339456,4.024094725
28.06571031,4.20688318
28.0779469,3.804198838
28.09016514,4.14916051
28.10261011,3.960874657
28.11485004,4.039212567
28.12706327,3.929264624
28.13930321,3.883911097
28.15177035,4.132668319
28.16402411,3.984238595
28.17636514,4.128545271
28.18862033,3.85917281
28.20096231,3.882536748
28.21320057,4.184893592
28.22542524,3.938885069
28.23766756,4.128545271
28.24989223,3.863295858
28.26227975,4.040586916
28.27451634,3.929264624
28.28675461,4.059827806
28.29897428,4.142288764
28.31143165,3.815193632
28.32368183,4.186267941
28.33592248,3.8784137
28.34813476,4.000730787
28.36037874,4.036463868
28.37275767,3.908649384
28.38502121,4.080443046
28.39724398,3.967746404
28.40947914,4.084566093
28.42183971,3.938885069
28.43408108,4.03234082
28.44630027,4.004853835
28.45855045,3.921018528
28.47089934,4.109304381
28.48319554,3.806947537
28.49540734,4.128545271
28.50761914,4.128545271
28.5198226,3.975992499
28.53221321,4.036463868
28.54445434,3.882536748
28.55669379,4.150534859
28.56895208,3.959500308
28.58141732,4.084566093
28.59364009,3.899028939
28.60587811,3.915521131
28.61807299,4.197262735
28.63032627,3.899028939
28.64266872,4.194514037
28.6549077,4.043335615
28.66714239,4.01309993
28.6794095,3.975992499
28.69181013,3.944382466
28.70410872,4.238493214
28.71634531,3.964997705
28.72891164,4.080443046
28.74177623,3.999356437
28.75429535,3.934762021
28.76655197,4.01309993
28.77882624,3.921018528
28.79125667,3.951254212
28.80350876,4.080443046
28.81574035,3.782209249
28.82798362,4.044709964
28.84021449,3.688753498
28.85266423,3.85917281
28.86489534,3.827562776
28.8771317,3.731358326
28.88933969,3.555441616
28.90169549,3.595297746
28.91390944,3.505965042
28.92614913,3.426252783
28.93839288,3.43175018
28.9507587,3.356160969
28.96303964,3.222849088
28.97528863,3.251710423
28.98752475,3.272325662
28.99981189,3.236592581
29.01215291,2.997455804
29.02440095,3.115649843
29.03663135,3.187116006
29.04889035,3.130767685
29.06122899,2.997455804
29.07349348,3.015322345
29.08572316,3.107403747
29.09796524,3.171998164
29.1101656,3.079916762
29.12258387,3.037311934
29.13478732,3.096408953
29.14701366,3.134890733
29.15924644,3.166500767
29.17168093,3.033188886
29.18390608,3.056552824
29.1961472,3.08266546
29.20847321,3.106029398
29.22084093,3.090911556
29.23305273,3.15962902
29.24531317,3.147259877
29.25751567,3.139013781
29.26976228,3.151382925
29.28215003,3.203608198
29.29445148,3.151382925
29.30669403,3.079916762
29.31892395,3.21872604
29.3313098,3.286069155
29.34364343,3.123895939
29.35586953,3.123895939
29.36814785,3.2956896
29.38040018,3.321802237
29.39285731,3.170623815
29.40505791,3.130767685
29.41731048,3.308058744
29.42952681,3.302561347
29.44185615,3.215977341
29.45407009,3.148634226
29.46627879,3.281946107
29.4785068,3.283320457
29.49085212,3.210479944
29.50306821,3.195362102
29.51530862,3.262705217
29.52752113,3.231095184
29.53975534,3.171998164
29.55213571,3.308058744
29.56439471,3.35478662
29.57660389,3.185741657
29.58884239,3.242089978
29.60119963,3.346540524
29.61362767,3.251710423
29.62593842,3.207731246
29.6381793,3.272325662
29.65041518,3.287443505
29.66285729,3.246213026
29.67508411,3.268202614
29.68733859,3.226972136
29.69961786,3.250336074
29.71205664,3.235218231
29.72440886,3.290192203
29.73666573,3.264079567
29.74891829,3.250336074
29.76134229,3.325925285
29.77355266,3.287443505
29.78578639,3.236592581
29.79797029,3.15962902
29.81020713,3.226972136
29.82252264,3.323176586
29.83477044,3.250336074
29.84698606,3.196736451
29.85921359,3.215977341
29.87163615,3.283320457
29.88387966,3.231095184
29.89611435,3.231095184
29.90836954,3.243464327
29.9207139,3.202233848
29.93296838,3.243464327
29.9452312,3.268202614
29.95746779,3.239341279
29.96971178,3.152757274
29.9821701,3.239341279
29.99443769,3.247587375
30.00667405,3.19948515
30.01888442,3.151382925
30.03135896,3.239341279
30.04359007,3.235218231
30.05582237,3.19948515
30.06803846,3.155505973
30.08028197,3.270951313
30.09260511,3.262705217
30.10482693,3.139013781
30.11702967,3.207731246
30.12924528,3.286069155
30.14156175,3.192613403
30.1537869,3.151382925
30.16599202,3.231095184
30.1782136,3.275074361
30.19042826,3.221474739
30.20289302,3.15962902
30.21512103,3.246213026
30.22735929,3.221474739
30.23966765,3.215977341
30.25200868,3.167875116
30.26422071,3.182992958
30.27643704,3.235218231
30.28864336,3.155505973
30.3009975,3.134890733
30.31325626,3.215977341
30.32546306,3.170623815
30.33765817,3.132142035
30.3498714,3.19948515
30.36216712,3.228346485
30.37440562,3.155505973
30.38663888,3.055178474
30.3988874,3.136265083
30.41133523,3.242089978
30.42359304,3.176121212
30.43584037,3.174746863
30.44809651,3.139013781
30.4603014,3.117024192
30.47264385,3.189864705
30.48488235,3.207731246
30.49711347,3.123895939
30.50931907,3.106029398
30.52164578,3.162377719
30.53386259,3.196736451
30.54608464,3.123895939
30.55832362,3.027691489
30.57070208,3.088162857
30.58293915,3.192613403
30.59516168,3.181618609
30.60735393,3.033188886
30.61956763,3.06342457
30.63190269,3.221474739
30.64415717,3.222849088
30.65636992,3.059301522
30.66860485,3.020819742
30.68094707,3.117024192
30.69317913,3.196736451
30.7054019,3.156880322
30.71763825,3.052429776
30.72985721,3.035937584
30.74223828,3.176121212
30.75458169,3.167875116
30.76682258,3.119772891
30.77909136,3.033188886
30.79138136,3.1032807
30.8036108,3.19948515
30.81586099,3.167875116
30.82805562,3.070296317
30.8403163,3.004327551
30.85274124,3.123895939
30.8650074,3.181618609
30.87722874,3.090911556
30.88948178,3.019445393
30.90184474,3.088162857
30.91405702,3.215977341
30.92625093,3.155505973
30.93848896,3.096408953
30.95087671,3.033188886
30.96319866,3.134890733
30.97539926,3.147259877
30.98762536,3.167875116
30.99983883,3.067547618
31.0121491,3.095034604
31.0244031,3.123895939
31.03665996,3.166500767
31.0488987,3.151382925
31.06124544,3.035937584
31.07356024,3.060675872
31.08579898,3.170623815
31.09802127,3.214602992
31.11026144,3.040060632
31.12270069,3.026317139
31.13495326,3.139013781
31.14720249,3.15962902
31.15943336,3.12252159
31.17182708,3.033188886
31.18406391,3.130767685
31.19626379,3.155505973
31.20854616,3.123895939
31.22089148,3.027691489
31.23312068,3.071670666
31.24532723,3.203608198
31.25767827,3.182992958
31.26989627,3.059301522
31.28223705,2.987835359
31.29447079,3.090911556
31.30670547,3.166500767
31.31891394,3.132142035
31.33125877,3.056552824
31.34348631,3.012573646
31.35571337,3.107403747
31.36799121,3.152757274
31.38028049,3.130767685
31.39272499,3.008450598
31.40498304,3.096408953
31.41721559,3.162377719
31.42949867,3.155505973
31.44177842,3.086788508
31.45402503,3.004327551
31.46626067,3.132142035
31.47847676,3.15962902
31.49087286,3.111526795
31.50313449,3.041434981
31.51534557,3.040060632
31.52755284,3.152757274
31.53977752,3.130767685
31.5521369,3.12252159
31.56433749,3.04418368
31.57659483,3.099157652
31.58880782,3.119772891
31.60117722,3.112901145
31.61340261,3.052429776
31.62565804,3.012573646
31.63786936,3.084039809
31.65010738,3.051055426
31.66242456,3.086788508
31.67468905,3.000204503
31.68690252,2.989209708
31.69911695,3.020819742
31.71151209,3.08266546
31.72378802,3.074419364
31.73608637,2.936984435
31.74833822,2.884759162
31.76066899,2.996081455
31.77303553,3.088162857
31.78522253,3.051055426
31.79742885,3.019445393
31.80965471,2.979589263
31.82204366,2.92736399
31.83424664,2.983712311
31.84644341,3.048306728
31.85869312,3.115649843
31.87127519,3.019445393
31.88576126,2.796800808
31.8981905,2.996081455
31.91045308,3.08266546
31.92292714,2.92736399
31.93521619,2.895753957
31.94748735,2.976840565
31.95969844,3.077168063
31.97212625,3.071670666
31.98457718,2.961722723
31.9970448,2.972717517
32.00933027,3.162377719
32.02175856,3.262705217
32.03400564,3.279197409
32.04626918,3.474355008
32.05850506,3.571933808
32.07082748,3.808321886
32.08311224,4.065325203
32.09537578,4.16977575
32.10762072,4.315456774
32.11988592,4.836335156
32.13222289,4.946283099
32.14448547,5.10021022
32.15670657,5.446546241
32.16897058,5.703549558
32.18127966,5.955055479
32.1935389,6.180448763
32.20576262,6.348119376
32.21802664,6.389349855
32.23028541,6.486928654
32.24267602,6.583133105
32.25491762,6.352242424
32.26715517,6.302765849
32.27945256,6.467687764
32.29188943,6.180448763
32.30410719,5.963301575
32.31634307,5.989414211
32.32857156,5.913825
32.34089446,5.649949936
32.35312724,5.552371136
32.36534429,5.450669289
32.37755108,5.262383436
32.38976169,5.056231042
32.40204453,5.064477138
32.41425705,5.189542924
32.42648435,4.799227725
32.43871808,4.516111771
32.45102453,4.697525877
32.46348834,4.753874198
32.47588086,4.942160051
32.48823357,4.753874198
32.50064087,4.790981629
32.51302791,4.701648925
32.52538776,4.987513578
32.53774905,4.917421764
32.55006528,5.251388642
32.56253767,5.353090489
32.57488298,5.544125041
32.58725882,5.640329491
32.59958243,5.610093807
32.61201978,5.806625755
32.62435818,5.983916814
32.63672781,5.989414211
32.64908624,5.843733186
32.66150284,5.893209761
32.67384791,5.957804177
32.68621945,5.953681129
32.69856834,5.930317192
32.71100497,5.891835411
32.72339416,5.788759215
32.73574352,5.813497502
32.74809551,5.794256612
32.76044679,5.647201238
32.77288246,5.629334697
32.78523993,5.634832094
32.79757452,5.66231908
32.80994153,5.420433604
32.8225491,5.373705729
32.83491445,5.417684906
32.84725928,5.333849599
32.85959768,5.243142546
32.87202501,5.288496073
32.88440466,5.272003881
32.89679646,5.27475258
32.90917778,5.406690112
32.92165613,5.226650354
32.93406057,5.108456315
32.94640279,5.46716148
32.95879555,5.542750691
32.9712131,5.388823571
32.98361421,5.552371136
32.99598646,5.744780037
33.00835037,5.744780037
33.02082276,5.546873739
33.03320217,5.610093807
33.04551697,5.799754009
33.05785823,5.809374454
33.07018328,5.649949936
33.08265662,5.654072984
33.09500074,6.019649895
33.10737348,6.032019039
33.11972594,5.858851028
33.13226533,5.699426511
33.14464474,5.829989693
33.15700054,5.997660307
33.16935182,5.955055479
33.18189311,5.87534322
33.19426751,5.941311986
33.20663977,5.942686335
33.21900344,5.772267023
33.23144174,5.79700531
33.24381351,5.986665512
33.25617671,5.945435034
33.26853514,5.779138769
33.28109312,5.66231908
33.29347396,5.809374454
33.30584311,5.846481885
33.31817341,5.753026133
33.33061123,5.747528736
33.34311938,5.736533941
33.35551333,5.726913496
33.3678422,5.814871851
33.38020825,5.678811271
33.39275622,5.645826888
33.40513182,5.85610233
33.41748548,5.670565175
33.42985201,5.578483773
33.44236588,5.445171892
33.45482922,5.58398117
33.46718764,5.724164798
33.47960258,5.788759215
33.49217486,5.685683018
33.50457788,5.753026133
33.51696205,5.717293051
33.52930689,5.654072984
33.54180479,5.516638055
33.55421114,5.616965553
33.56657457,5.761272229
33.57895756,5.733785243
33.5914228,5.706298257
33.60380149,5.790133564
33.6161716,5.806625755
33.62858391,5.658196032
33.64107394,5.60459641
33.65344501,5.761272229
33.66581488,5.850604933
33.6782043,5.872594521
33.69072342,5.66094473
33.70314646,5.674688223
33.71547484,5.702175209
33.72788239,5.781887468
33.74022841,5.647201238
33.75268841,5.769518324
33.76503253,5.799754009
33.77740216,5.83548709
33.78975248,5.757149181
33.80227613,5.649949936
33.81462336,5.831364043
33.82702112,5.963301575
33.83939099,5.813497502
33.85191369,5.895958459
33.86440229,5.825866645
33.87676358,5.696677812
33.88910556,5.696677812
33.90158939,5.768143975
33.91396022,5.887712364
33.92635012,5.901455856
33.93865705,5.616965553
33.95113587,5.578483773
33.96351218,5.744780037
33.97588563,5.993537259
33.98819089,5.930317192
34.00063014,5.87534322
34.01297355,5.696677812
34.02535987,5.765395277
34.03769279,5.839610138
34.05004025,5.884963665
34.06248093,5.83548709
34.07488775,5.959178527
34.08722997,5.713170004
34.09958124,5.699426511
34.11198831,5.825866645
34.1243639,5.97292202
34.13668633,5.920696746
34.14906621,5.895958459
34.16161227,5.823117947
34.17400789,5.820369248
34.18635178,5.868471473
34.19870257,5.942686335
34.21118784,5.920696746
34.22357869,5.957804177
34.23596597,5.81762055
34.24830937,5.802502707
34.2608273,5.847856234
34.27319217,6.048511231
34.28556609,5.930317192
34.29792881,5.851979282
34.31029296,5.765395277
34.32270598,5.85610233
34.33508897,5.858851028
34.34744549,5.895958459
34.35978985,5.927568493
34.37229013,6.032019039
34.38467932,5.846481885
34.3971405,5.805251406
34.40950608,5.908327603
34.42198086,5.85610233
34.43436623,5.93306589
34.44670677,5.917948048
34.45907998,5.864348426
34.47156024,5.726913496
34.48392653,5.838235789
34.49627376,5.997660307
34.50865817,6.032019039
34.52110863,5.77776442
34.53347898,5.75852353
34.5458777,5.854727981
34.55829334,5.959178527
34.57080054,5.949558082
34.5831697,5.979793766
34.59552979,5.825866645
34.607939,5.773641372
34.62027621,5.794256612
34.6329453,6.036142087
34.64536786,6.052634278
34.65776682,5.779138769
34.67014432,5.790133564
34.68274093,5.895958459
34.69508624,5.970173321
34.70747232,6.051259929
34.7198298,5.930317192
34.73228979,5.864348426
34.74463129,5.81762055
34.75699544,5.858851028
34.76935577,5.97292202
34.78179789,6.040265135
34.79414797,5.847856234
34.80652285,5.810748803
34.81889153,5.806625755
34.83142877,5.802502707
34.84379148,5.920696746
34.85615492,5.963301575
34.86849332,5.945435034
34.88098216,5.884963665
34.89340425,5.761272229
34.90575314,5.880840617
34.91825652,5.930317192
34.93076348,5.955055479
34.94315219,5.733785243
34.95554495,5.794256612
34.96788001,5.93306589
34.98025322,5.838235789
34.99270272,5.884963665
35.0050869,5.930317192
35.01744747,5.846481885
35.0298233,5.846481885
35.04230332,5.847856234
35.05466723,5.959178527
35.06699991,5.949558082
35.07938528,5.843733186
35.09189129,5.838235789
35.10424542,5.79700531
35.1165936,5.937188938
35.12897611,6.026521642
35.1414566,5.994911608
35.15386963,5.820369248
35.16620445,5.751651784
35.17860341,5.854727981
35.191149,6.032019039
35.20354962,6.014152498
35.21591377,6.026521642
35.22826767,5.884963665
35.24074769,5.871220172
35.25314903,6.102110853
35.26548457,6.038890786
35.27783608,5.993537259
35.29018068,5.858851028
35.30274796,5.829989693
35.31514311,5.889086713
35.32753611,6.018275546
35.33988762,6.080121264
35.35238981,5.858851028
35.36472607,5.773641372
35.37709737,5.959178527
35.38943481,6.014152498
35.40195704,5.871220172
35.41431594,5.945435034
35.42666435,6.019649895
35.43913651,6.027895991
35.45165944,5.989414211
35.46402287,6.084244312
35.47639704,6.018275546
35.48876619,5.927568493
35.50119424,5.860225378
35.51356554,6.03064469
35.52595282,6.071875169
35.53829169,5.85610233
35.55089307,5.895958459
35.56325245,6.034767738
35.57566142,6.114479997
35.58804083,5.955055479
35.60044122,5.87534322
35.61289811,5.97292202
35.6252985,6.007280752
35.63763261,5.989414211
35.65000463,5.983916814
35.66247511,5.957804177
35.67486763,6.003157704
35.68720436,5.963301575
35.69960737,6.015526848
35.71205783,5.916573699
35.72444558,5.868471473
35.73679805,5.912450651
35.74914646,5.959178527
35.76158047,6.052634278
35.77395463,5.986665512
35.786273,6.004532053
35.79867172,5.922071096
35.81118131,5.908327603
35.82360196,5.989414211
35.83595395,5.930317192
35.84832883,6.003157704
35.86079645,5.917948048
35.87318802,5.829989693
35.88552094,5.876717569
35.89788938,6.038890786
35.91024828,5.99078856
35.9228301,5.786010516
35.93518114,5.879466268
35.94754386,6.081495614
35.95991993,6.117228695
35.97248459,5.85610233
35.98488855,5.809374454
35.99726701,5.961927225
36.00960708,6.018275546
36.02211785,5.930317192
36.0344646,5.87534322
36.04683423,5.868471473
36.05917764,5.961927225
36.07172298,5.912450651
36.08406496,5.970173321
36.09644198,5.978419417
36.10879016,6.01002945
36.1213088,5.851979282
36.13366938,5.937188938
36.14602661,6.052634278
36.1583693,6.034767738
36.17094803,5.924819794
36.18330669,6.003157704
36.19569802,6.081495614
36.20806146,6.045762532
36.22044492,5.912450651
36.23300838,5.872594521
36.24536324,6.063629073
36.2577219,6.063629073
36.2700789,5.953681129
36.28263044,5.867097124
36.29498482,6.0114038
36.30733681,5.930317192
36.31971288,5.961927225
36.33214426,5.983916814
36.34456134,5.997660307
36.35691357,5.851979282
36.36928225,5.854727981
36.38189197,6.019649895
36.39426279,6.004532053
36.40660167,5.884963665
36.4189887,5.920696746
36.43142796,6.130972188
36.44379497,6.023772943
36.45613098,5.889086713
36.46851587,5.809374454
36.48100567,5.966050273
36.49350572,6.10760825
36.50584006,5.97292202
36.51822543,5.927568493
36.53069067,6.000409005
36.54309964,6.048511231
36.55543947,5.843733186
36.56779504,5.901455856
36.58013868,6.051259929
36.59267831,5.953681129
36.60500956,5.872594521
36.61738348,5.934440239
36.62977195,6.03064469
36.64221954,5.930317192
36.65455103,5.887712364
36.66691566,5.897332809
36.67928314,6.073249518
36.69174886,6.071875169
36.70411682,6.015526848
36.71648335,5.87534322
36.72882891,5.955055479
36.74134445,5.909701952
36.75370502,5.934440239
36.76604819,5.97292202
36.77841067,6.081495614
36.79089165,5.87534322
36.80325818,5.779138769
36.81563067,5.955055479
36.82798672,6.01002945
36.84034419,5.974296369
36.85286617,5.927568493
36.86522865,5.924819794
36.87755585,6.018275546
36.88991594,5.916573699
36.90237021,5.85610233
36.91474032,5.955055479
36.92721176,6.077372566
36.9396522,6.023772943
36.95221615,6.000409005
36.96460819,5.961927225
36.97695374,5.872594521
36.98938656,5.908327603
37.00194311,6.066377771
37.01445794,6.066377771
37.02698207,5.953681129
37.03952217,5.909701952
37.05205464,5.99078856
37.0644393,5.959178527
37.07679319,5.941311986
37.08914948,5.908327603
37.1016798,5.904204555
37.11404562,6.052634278
37.12645626,5.994911608
37.13886786,5.868471473
37.15134335,5.970173321
37.16375828,6.060880374
37.17609525,6.067752121
37.18845081,5.864348426
37.2009697,5.834112741
37.21336818,5.884963665
37.22572541,6.03064469
37.23808908,6.063629073
37.25044179,6.043013833
37.26291347,5.961927225
37.27530003,5.872594521
37.28767538,5.900081507
37.30000877,6.045762532
37.31257248,6.007280752
37.32493377,5.872594521
37.33730292,5.917948048
37.34966516,6.048511231
37.36214852,6.066377771
37.37449765,5.864348426
37.38686466,5.829989693
37.3992269,5.934440239
37.41172028,6.059506025
37.42410469,5.963301575
37.4365201,5.867097124
37.44931555,5.880840617
37.46191096,5.99078856
37.4742887,6.026521642
37.48667717,5.901455856
37.49901557,5.979793766
37.51151991,5.982542465
37.52390361,5.945435034
37.53626299,5.920696746
37.54871488,6.038890786
37.56131172,6.003157704
37.57368064,5.843733186
37.58604407,5.823117947
37.59841299,6.080121264
37.61096168,6.019649895
37.62329865,5.809374454
37.63572121,5.81762055
37.64812779,6.097987805
37.6606493,6.130972188
37.67299581,5.806625755
37.6852479,5.895958459
37.69748163,6.027895991
37.70974302,5.989414211
37.72212386,5.895958459
37.73435736,6.026521642
37.74655819,6.003157704
37.75879765,5.864348426
37.77119327,5.823117947
37.78346395,5.927568493
37.79568887,6.063629073
37.80792832,5.978419417
37.82014322,5.912450651
37.83258986,5.872594521
37.84481812,5.959178527
37.85704565,5.997660307
37.86923051,6.0114038
37.88160634,6.077372566
37.89382362,6.026521642
37.90605259,5.959178527
37.91827869,6.034767738
37.9306221,6.125474791
37.94286323,6.080121264
37.95509982,6.125474791
37.96731758,6.026521642
37.97954249,5.955055479
37.99177241,5.887712364
38.00400209,5.949558082
38.01621556,6.130972188
38.02844715,6.01002945
38.04084086,5.904204555
38.05311131,5.993537259
38.06545472,6.118603044
38.07768559,6.032019039
38.08988237,5.986665512
38.10220695,5.937188938
38.11445761,5.924819794
38.12670541,6.023772943
38.13888884,5.934440239
38.15127635,6.084244312
38.16347408,6.100736504
38.17565441,5.937188938
38.18785858,5.814871851
38.20007253,5.953681129
38.21239805,5.99078856
38.22462749,5.916573699
38.2368288,5.871220172
38.24908686,5.930317192
38.26148701,5.924819794
38.27370834,5.867097124
38.28673768,6.019649895
38.29930425,6.014152498
38.31175685,6.007280752
38.32408643,5.966050273
38.33638263,5.827240995
38.3486855,6.027895991
38.36100435,6.216181844
38.37329578,6.192817906
38.38553786,6.086993011
38.39781475,6.28215061
38.4100914,6.400344649
38.42244887,6.640855775
38.43469834,6.581758756
38.44696689,6.49517475
38.45922136,6.739808924
38.47164178,6.98032005
38.48394752,6.851131217
38.49622035,7.131498472
38.50844741,7.009181385
38.52083254,7.075150151
38.53307056,6.98032005
38.54535246,7.23182597
38.55758381,7.152113711
38.56985807,7.05865796
38.58229899,7.066904055
38.59456921,7.27030775
38.60681534,7.071027103
38.61908078,6.965202208
38.63140225,6.859377312
38.64370918,7.029796624
38.65593719,7.069652754
38.66820145,6.657347967
38.68049073,6.900607791
38.69287467,6.698578445
38.70530868,6.673840158
38.71771622,6.550148722
38.73009586,6.583133105
38.74257779,6.763172862
38.75496554,6.455318621
38.76733875,6.569389612
38.77971053,6.574887009
38.79218769,6.587256153
38.80455446,6.654599268
38.81694865,6.622989234
38.82931805,6.710947589
38.84173679,6.875869504
38.85409117,6.665594062
38.86647272,6.74805502
38.87883258,6.830515977
38.89132428,6.677963206
38.90370226,6.859377312
38.91610026,6.706824541
38.92845559,6.893736045
38.94091916,6.845633819
38.9532938,6.793408546
38.96570444,7.002309639
38.97805977,6.730188479
38.99039102,6.790659848
39.00366378,6.70957324
39.01680613,7.090267993
39.0299077,6.965202208
39.04320478,6.739808924
39.05635929,6.900607791
39.06950068,6.829141628
39.08268642,6.76729591
39.09582853,7.050411864
39.10898352,6.772793307
39.12232566,6.633984029
39.13543582,7.009181385
39.14858341,7.139744568
39.16183853,6.684834952
39.17504406,6.770044608
39.18823051,7.161734156
39.20148873,7.017427481
39.2146492,6.871746456
39.22754979,6.958330461
39.24022174,6.976197002
39.25253344,7.29092299
39.26494217,6.928094777
39.2772975,7.021550529
39.28965902,6.840136422
39.30207348,7.017427481
39.31446075,6.851131217
39.32680488,7.009181385
39.33916235,7.202964635
39.35158324,6.988566146
39.3639648,7.075150151
39.37632084,6.944586968
39.38869238,7.05728361
39.40111947,6.705450192
39.41349292,7.091642343
39.42585397,6.991314844
39.4382174,7.016053132
39.45064688,6.80577769
39.46305943,7.050411864
39.47541475,7.07789885
39.48780251,6.794782896
39.50016069,6.840136422
39.51288676,6.794782896
39.52524328,7.036668371
39.53761911,6.716444986
39.54997134,6.955581763
39.56239653,6.836013374
39.57474828,6.871746456
39.58714199,6.972073954
39.59949541,7.105385836
39.61191535,6.976197002
39.6242907,6.684834952
39.63665938,6.877243853
39.65723062,7.069652754
39.66964579,6.928094777
39.68208861,6.860751662
39.69446611,6.939089571
39.70690465,6.918474332
39.71927953,7.090267993
39.73170567,6.885489949
39.74412036,6.988566146
39.75651264,6.838762073
39.76889634,7.062781007
39.78136921,6.851131217
39.79373622,7.011930084
39.80609965,6.859377312
39.81848145,6.818146834
39.83091855,6.838762073
39.84331584,6.840136422
39.85567164,7.025673577
39.8680582,6.897859093
39.88041282,7.141118917
39.89287376,7.011930084
39.90521884,7.042165768
39.9175806,6.829141628
39.9299202,6.928094777
39.94238853,6.900607791
39.95475769,6.770044608
39.9671104,7.029796624
39.9794631,6.918474332
39.99188304,6.978945701
40.00421667,6.818146834
40.0165801,7.105385836
40.02890253,6.836013374
40.04139161,6.842885121
40.05375171,6.889612997
40.06612778,7.007807036
40.07846951,7.053160562
40.09090519,6.933592174
40.10326791,7.073775802
40.11639738,6.885489949
40.12954545,7.029796624
40.14284158,6.896484743
40.15596581,6.879992552
40.16904235,6.944586968
40.1824193,6.86350036
40.19555449,6.836013374
40.20873976,7.066904055
40.22126317,6.877243853
40.23361611,6.673840158
40.2459774,6.889612997
40.25831819,7.194718539
40.27076077,6.978945701
40.28311491,6.955581763
40.29549265,6.914351284
40.30783963,7.087519295
40.32021689,6.798905944
40.33265185,6.897859093
40.34502411,6.789285499
40.3573544,7.016053132
40.3696909,6.972073954
40.3821032,6.892361695
40.39444733,7.005058337
40.40677595,6.814023786
40.41913581,6.892361695
40.43156528,6.826392929
40.4439404,6.984443098
40.45627856,6.74805502
40.46864963,6.840136422
40.48106241,7.011930084
40.49342299,6.98032005
40.50576234,6.867623408
40.51812983,6.836013374
40.53045893,7.128749773
40.54294777,6.808526389
40.55530453,6.897859093
40.56764555,6.730188479
40.57997012,7.011930084
40.59243727,6.974822653
40.6047914,6.950084366
40.6171546,6.914351284
40.62950349,6.88274125
40.64193344,7.040791419
40.65425897,6.871746456
40.66659379,7.075150151
40.67892718,6.885489949
40.69137287,7.007807036
40.70371127,6.962453509
40.71619701,6.889612997
40.72857356,6.801654642
40.74103928,6.789285499
40.7534008,6.944586968
40.76575661,6.838762073
40.77811432,6.978945701
40.79048729,6.92122303
40.80307484,7.124626726
40.81542611,6.939089571
40.82775474,7.028422275
40.84010339,6.838762073
40.85256362,6.840136422
40.86493015,6.840136422
40.87725139,6.90335649
40.88959098,7.075150151
40.90201402,6.814023786
40.91438007,6.904730839
40.92671776,6.90335649
40.93906116,7.050411864
40.9514606,6.760424163
40.96383071,6.893736045
40.9761529,7.087519295
40.98848462,7.032545323
41.00093222,6.856628614
41.01332641,6.793408546
41.02568984,7.190595492
41.03804374,6.80577769
41.0503943,6.836013374
41.06285977,6.781039403
41.07519436,7.196092889
41.08756042,6.984443098
41.09989381,6.822269882
41.11237001,7.108134534
41.12473679,6.893736045
41.13710737,6.793408546
41.14944458,6.770044608
41.1618607,7.178226348
41.17417431,6.860751662
41.1865294,6.92122303
41.19886231,6.934966523
41.21137142,7.07789885
41.22372198,6.928094777
41.23621035,6.76729591
41.24854445,6.944586968
41.26099443,6.845633819
41.27336121,6.928094777
41.28574586,6.834639025
41.29805923,7.071027103
41.31040835,6.815398135
41.32294345,6.965202208
41.3352809,6.939089571
41.34762979,6.918474332
41.35996699,6.731562828
41.37238431,6.814023786
41.38473821,7.194718539
41.39705181,6.959704811
41.40940499,6.948710016
41.42197108,6.834639025
41.43433952,7.05728361
41.44668913,6.789285499
41.45903063,6.706824541
41.47143364,6.797531594
41.48385,6.830515977
41.49619484,6.804403341
41.50854611,6.829141628
41.5209744,7.108134534
41.53334737,6.763172862
41.54570651,6.94183827
41.55805421,6.829141628
41.57035351,7.05728361
41.58282304,6.92122303
41.59516931,6.987191796
41.60753107,6.984443098
41.6198647,7.021550529
41.63230157,6.972073954
41.64465547,6.867623408
41.65702057,7.002309639
41.66934109,6.785162451
41.68178034,6.954207413
41.69412732,6.774167656
41.70647335,7.009181385
41.71881294,6.859377312
41.73125339,6.925346078
41.74360371,6.867623408
41.75608444,6.686209302
41.76841927,6.814023786
41.78087425,6.798905944
41.79322934,6.944586968
41.80558443,6.675214507
41.81792927,6.928094777
41.83029175,6.822269882
41.84272265,6.918474332
41.85512352,6.770044608
41.86749148,6.867623408
41.87984276,6.988566146
41.89233351,7.009181385
41.90471888,6.82501858
41.91705298,6.966576557
41.92940927,7.080647548
41.9417851,6.860751662
41.95410919,6.72743978
41.96643281,6.764547211
41.97879457,7.115006281
41.99125552,7.053160562
42.00363255,6.904730839
42.01598144,6.842885121
42.02833056,7.108134534
42.04077315,6.875869504
42.05314374,6.923971729
42.06565309,6.826392929
42.07821679,7.016053132
42.09074044,6.822269882
42.10314822,7.040791419
42.11552715,6.962453509
42.12789607,6.991314844
42.14025307,6.851131217
42.15271783,6.834639025
42.16502786,7.047663165
42.17739367,6.847008169
42.18974161,6.98032005
42.20219779,6.851131217
42.214571,7.033919672
42.22693467,6.694455397
42.2392714,6.855254265
42.25169897,6.815398135
42.26402283,6.945961318
42.2764895,6.622989234
42.28883004,6.948710016
42.3013103,6.908853887
42.31366324,6.885489949
42.32601714,6.80577769
42.33836603,6.944586968
42.35084367,6.955581763
42.36319423,6.726065431
42.37554502,6.900607791
42.38787389,6.914351284
42.40024066,6.954207413
42.41267705,6.644978823
42.42504358,6.984443098
42.43737435,6.739808924
42.44973516,6.897859093
42.46215892,6.801654642
42.47451663,6.959704811
42.48684049,6.74805502
42.49917126,6.94183827
42.51159334,6.715070637
42.52394986,6.770044608
42.53628421,6.885489949
42.5486033,7.175477649
42.56104851,6.94183827
42.57342839,6.790659848
42.58578086,6.814023786
42.59813643,7.017427481
42.61046553,7.132872821
42.62303329,7.005058337
42.63538194,6.954207413
42.64774823,6.763172862
42.6600771,7.104011486
42.67254615,7.05865796
42.6848774,6.801654642
42.69721127,7.020176179
42.70954347,7.215333779
42.72191691,6.918474332
42.73425913,6.958330461
42.74661922,6.92122303
42.7589612,7.145241965
42.77142239,6.776916355
42.78378487,6.958330461
42.79615808,7.025673577
42.80862188,6.974822653
42.82107663,6.847008169
42.83344412,7.087519295
42.84583116,7.179600697
42.85815334,7.09576539
42.8706305,6.804403341
42.8829875,6.955581763
42.89537835,7.080647548
42.90785217,7.080647548
42.92033839,6.879992552
42.93282628,7.002309639
42.94521189,7.169980252
42.95755291,7.115006281
42.96990013,6.885489949
42.98225188,6.978945701
42.99461126,6.995437892
43.00695586,7.145241965
43.01932573,7.146616314
43.03170967,7.033919672
43.04405904,6.912976935
43.05639434,7.126001075
43.06871819,7.099888438
43.08114958,7.149365013
43.09353256,6.984443098
43.10587645,7.009181385
43.11824107,6.958330461
43.13064218,7.190595492
43.1429975,6.937715222
43.15532207,7.101262788
43.16765141,7.029796624
43.18001366,7.11638063
43.19247675,6.842885121
43.20482874,7.132872821
43.21717763,6.995437892
43.22973657,7.149365013
43.24217534,6.988566146
43.2545011,7.161734156
43.26764917,6.918474332
43.28083515,7.050411864
43.29396582,7.163108506
43.30708289,6.90335649
43.3201983,6.900607791
43.33370686,7.215333779
43.34686494,7.069652754
43.35998201,6.866249059
43.37317705,7.017427481
43.38629246,7.211210731
43.39869928,7.05728361
43.4119699,7.080647548
43.42517614,6.904730839
43.43834281,7.047663165
43.45131898,7.262061655
43.4639411,6.992689194
43.47612453,6.897859093
43.48834634,7.204338984
43.50063181,7.05728361
43.51307845,6.955581763
43.52539349,6.925346078
43.53772116,7.033919672
43.55003119,7.084770596
43.56250811,7.061406658
43.57483006,7.139744568
43.58716917,6.900607791
43.59948182,7.108134534
43.61189771,6.965202208
43.62422371,7.105385836
43.6365819,6.923971729
43.64891911,7.136995869
43.66218734,6.923971729
43.67533112,7.163108506
43.68848944,7.09576539
43.70131588,6.763172862
43.71404243,7.040791419
43.72675395,7.073775802
43.73943543,6.948710016
43.75259614,7.03804272
43.76569152,7.099888438
43.77877259,7.028422275
43.7911222,7.112257582
43.80334425,6.790659848
43.81552982,7.03804272
43.82771444,7.011930084
43.83992743,6.988566146
43.85222363,6.945961318
43.86455631,6.978945701
43.87674856,7.066904055
43.88894629,6.934966523
43.9013896,7.121878027
43.91369581,6.866249059
43.92589927,7.069652754
43.93808818,7.094391041
43.95025754,7.196092889
43.96261263,6.847008169
43.97481728,6.974822653
43.98705244,7.119129328
43.99929357,7.036668371
44.01163673,7.139744568
44.02383113,6.954207413
44.03606057,7.229077272
44.0483861,6.996812242
44.06075072,7.13562152
44.07298684,6.937715222
44.08519864,7.083396247
44.09741664,7.104011486
44.10964298,7.053160562
44.12193584,7.013304433
44.13416195,6.900607791
44.14635706,7.040791419
44.15855932,6.900607791
44.17088795,7.07789885
44.18309426,6.778290704
44.19530678,7.032545323
44.20748138,7.071027103
44.21970153,7.03804272
44.2320714,6.939089571
44.24422956,6.930843476
44.25644636,7.149365013
44.26862979,6.970699605
44.28094149,7.121878027
44.29316139,6.889612997
44.30535507,7.149365013
44.31751704,7.021550529
44.32971859,7.13562152
44.34325647,7.087519295
44.35582495,7.028422275
44.36837196,6.955581763
44.38083935,7.094391041
44.39334893,6.945961318
44.40575194,7.119129328
44.4180882,6.877243853
44.43042922,7.053160562
44.44290233,6.965202208
44.45521617,7.05865796
44.46752191,6.661471014
44.47984457,6.61199444
44.49218106,6.267032768
44.50450039,6.431954683
44.51685119,6.393472903
44.52919412,5.802502707
44.541641,5.589478567
44.55397105,5.688431716
44.56627274,5.40943881
44.57856965,5.200537718
44.59097409,4.913298716
44.60327744,4.7511255
44.61557198,4.546347455
44.62792993,4.307210679
44.64026117,4.414409923
44.65289593,4.386922938
44.66533065,3.948505514
44.67768884,4.003479485
44.69000387,3.915521131
44.70243645,3.591174698
44.71479177,3.655769115
44.72723103,3.4908472
44.73956442,3.481226755
44.75202513,3.391894051
44.76435518,3.319053538
44.77669764,3.394642749
44.78902435,3.251710423
44.80146694,3.155505973
44.81383729,3.139013781
44.82617617,3.035937584
44.83852816,2.952102277
44.85094857,2.732206391
44.8633008,2.553540983
44.87566757,2.388619068
44.88800907,2.32677335
44.90034056,2.26905068
44.91280103,2.203081914
44.92513609,2.116497908
44.93748927,2.24980979
44.94985914,2.196210167
44.96231818,2.076641779
44.97465706,1.816889763
44.98712516,1.766038839
44.99943948,2.005175616
45.01187491,1.675331786
45.02425575,1.616234766
45.03660774,1.689075279
45.04896307,1.577752986
45.06143689,1.643721752
45.07376385,1.448564153
45.08611465,1.476051139
45.0984571,1.37709799
45.11086559,1.400461928
45.12323189,1.565383843
45.13558817,1.313877922
45.1479404,1.416954119
45.1602869,1.346862305
45.17280173,1.300134429
45.18513179,1.257529601
45.19745278,1.148956007
45.20980763,1.190186486
45.22224259,1.20255563
45.23458743,1.16407385
45.24693203,1.071992447
45.25925851,1.011521078
45.2716496,1.029387619
45.28398418,1.025264571
45.29632425,1.076115495
45.30865169,1.080238543
45.32113934,1.091233337
45.33347774,1.103602481
45.34580159,1.073366796
45.35816669,1.060997653
45.37061906,1.040382413
45.38296723,1.025264571
45.39528942,0.982659743
45.40764189,0.95104971
45.41999435,0.882332245
45.43244123,0.821860876
45.44481373,0.769635603
45.45717096,0.808117383
45.46951079,0.83423002
45.4819591,0.838353068
45.49432135,0.842476116
45.50667167,0.791625192
45.51902676,0.725656426
45.53153658,0.728405124
45.54388547,0.769635603
45.55625033,0.77650735
45.56856894,0.685800296
45.58119488,0.69816944
45.59365177,0.728405124
45.60599637,0.718784679
45.61832476,0.647318516
45.6307385,0.724282076
45.64305949,0.676179851
45.65538287,0.629451975
45.66772914,0.691297693
45.68008661,0.637698071
45.69251513,0.622580229
45.70488691,0.663810708
45.7172575,0.62120588
45.72959781,0.667933756
45.74214435,0.618457181
45.75449324,0.589595846
45.76682496,0.614334133
45.7791791,0.570354956
45.79161763,0.618457181
45.80397534,0.577226702
45.81632471,0.614334133
45.82863593,0.577226702
45.841084,0.603339339
45.85344982,0.563483209
45.86579633,0.593718894
45.87814522,0.553862764
45.89061713,0.586847147
45.90296912,0.54286797
45.91531181,0.574478004
45.9276278,0.535996224
45.93997097,0.559360162
45.95246005,0.54286797
45.96482944,0.531873176
45.97716904,0.548365367
45.98951244,0.52362708
46.00195503,0.546991018
46.0142746,0.519504032
46.02660131,0.538744922
46.0389514,0.531873176
46.05142236,0.509883587
46.06378794,0.535996224
46.07616115,0.527750128
46.08852601,0.516755333
46.10103989,0.52362708
46.11338091,0.531873176
46.12572217,0.520878381
46.138062,0.519504032
46.15041637,0.516755333
46.16290474,0.52362708
46.17527604,0.50438619
46.18774056,0.505760539
46.2000761,0.527750128
46.21251726,0.520878381
46.22484636,0.509883587
46.23717618,0.525001429
46.2495048,0.52362708
46.26200438,0.50438619
46.27431941,0.512632286
46.28664374,0.534621874
46.29898691,0.529124477
46.31138992,0.515380984
46.32373714,0.516755333
46.33608055,0.534621874
46.34838581,0.52362708
46.36089873,0.497514443
46.37327671,0.500263142
46.38560057,0.525001429
46.39795303,0.531873176
46.41027665,0.519504032
46.42274332,0.509883587
46.43514729,0.525001429
46.44748497,0.529124477
46.45980263,0.508509238
46.47226596,0.497514443
46.48459673,0.512632286
46.4969101,0.529124477
46.50923443,0.52362708
46.52178502,0.509883587
46.53411412,0.516755333
46.54647636,0.516755333
46.55881786,0.50438619
46.5713222,0.496140094
46.58367491,0.509883587
46.59603572,0.525001429
46.60839772,0.525001429
46.62093163,0.515380984
46.63327646,0.508509238
46.64564133,0.505760539
46.65797067,0.509883587
46.67028689,0.50438619
46.68282509,0.508509238
46.69520426,0.515380984
46.70752287,0.519504032
46.71984887,0.515380984
46.73229527,0.50438619
46.74466228,0.505760539
46.75701451,0.505760539
46.7693696,0.515380984
46.78204298,0.505760539
46.79610252,0.516755333
46.81006622,0.515380984
46.82414508,0.512632286
46.83802772,0.50438619
46.85206366,0.508509238
46.86604023,0.509883587
46.88000774,0.508509238
46.89402914,0.519504032
46.90793061,0.512632286
46.92207193,0.509883587
46.9360559,0.501637491
46.9499948,0.505760539
46.96402454,0.509883587
